customer_name,recency_norm,frequency_norm,monetary_norm,cluster,customer_type,avg_order_value($),total_transactions,last_purchase_date
Aaron Bergman,0.737729996719238,2.1735320579069928,1.9226717628312304,1,Small Business,655.7144791666666,24,9/8/2018
Aaron Smayling,1.7539430234104445,0.8202655819740942,1.138523071048377,2,Consumer,493.5325538461538,13,6/7/2018
Adam Bellavance,1.7706806497324172,-0.4099766688739953,-0.2631049643291988,2,Small Business,446.9933999999999,3,29/6/2018
Adam Berlavance,1.7706806497324172,-0.6560251190436133,-0.6801124451429932,2,Small Business,57.996,1,29/6/2018
Adam Hart,1.1633439231922609,-0.6560251190436133,-0.6820963051398022,2,Home Office,52.56,1,10/3/2019
Adam Shillingsburg,1.7180766812919313,-0.1639282187043774,0.2036068951787452,2,Corporate,1247.7633600000001,5,21/7/2018
Adrian Hane,0.7951161441088591,-0.2869524437891864,-0.1419609696653382,2,Small Business,1126.3396,4,11/8/2019
Adrian Shami,-0.6467108090553702,-0.5330008939588043,-0.4786192740101397,0,Consumer,305.05499999999995,2,5/4/2021
Airls Lampticp,1.2183389811073144,-0.6560251190436133,-0.6596563523282146,2,Small Business,114.04800000000002,1,15/2/2019
Alan Barnes,-1.1799237618839329,-0.0409039936195684,-0.4959133071199235,0,Corporate,93.78706666666666,6,14/11/2021
Alan Dominguez,-0.6299731827333974,-0.5330008939588043,-0.5925572147407787,0,Home Office,148.9536,2,29/3/2021
Alan Hwang,-0.3095671931413464,-0.5330008939588043,-0.6626489299540118,0,Small Business,52.924,2,15/11/2020
Alan Schoenberger,0.0682249438403256,-0.6560251190436133,-0.6956811477669578,0,Corporate,15.336,1,10/6/2020
Alan Shonely,0.118437822806244,0.4511929067196673,1.3760378625681022,1,Corporate,1745.89144,10,30/6/2018
Ale Hulle,0.548833928228402,-0.6560251190436133,-0.6784701769337143,2,Small Business,62.496,1,22/11/2019
Alejandro Ballentine,-0.983854424969394,1.1893382572285212,1.292754062293675,1,Consumer,1608.94631875,16,27/6/2019
Alejandro Grove,0.2069081333652431,-0.6560251190436133,-0.6490913124842812,0,Corporate,142.9974,1,13/4/2020
Aleksandra Gannaway,-0.4817256353102096,1.1893382572285212,1.038597473607193,1,Consumer,580.1359625,16,26/9/2018
Alex Busser,1.5793934917670136,-0.6560251190436133,-0.6936263417835079,2,Corporate,20.9664,1,17/9/2018
Alex Grayson,-1.0555871092064202,0.3281686816348583,0.3627464801221818,0,Small Business,2281.904855555555,9,7/8/2018
Alex Russell,-1.3736020093239036,1.927483607737375,0.8400592174158708,1,Consumer,363.5815391304348,22,3/2/2022
Alian Denenbon,-0.048938440413484,-0.6560251190436133,-0.6822539628878931,0,Corporate,52.128,1,29/7/2020
Allen Armold,-0.369344430005535,1.558410932482948,1.3502565143630667,1,Home Office,1336.3562315789475,19,20/5/2020
Allina Jacobs,-0.2569632247008604,-0.6560251190436133,-0.6843243156770574,0,Home Office,46.455,1,24/10/2020
Amuman Howes,-1.1297108829180142,-0.6560251190436133,-0.6020660206622022,0,Small Business,271.852,1,24/10/2021
Amy Cox,1.2016013547853417,1.31236248231333,-0.1470691171983285,2,Home Office,89.32910588235293,17,22/2/2019
Amy Hunt,-1.2373099092735536,-0.0409039936195684,-0.1860833882006959,0,Home Office,1685.8807333333334,6,8/12/2021
Andrew Allen,-0.5893246616657491,0.2051444565500494,0.5314487373843062,0,Home Office,3630.2148749999997,8,22/9/2018
Andy Peige,0.9146706178372364,-0.6560251190436133,-0.6929151301643429,2,Home Office,22.9152,1,22/6/2019
Anemone Ratner,1.0724825231586943,-0.6560251190436133,-0.627014629400586,2,Corporate,203.49,1,17/4/2019
Ann Blume,0.3240715176190528,-0.6560251190436133,-0.6403534967448407,2,Home Office,166.94,1,24/2/2020
Ann Chong,1.5722202233433111,-0.6560251190436133,-0.6123334085169159,2,Corporate,243.7182,1,20/9/2018
Ann Steele,-1.3329534882562557,-0.6560251190436133,-0.4796112040085441,0,Small Business,607.392,1,17/1/2022
Anne McFarland,0.3049428018225125,-0.0409039936195684,-0.3300430136527289,0,Small Business,169.53761666666665,6,3/3/2020
Anne McFrar,-0.4052107721240482,-0.6560251190436133,-0.4914950947090758,0,Small Business,574.8288,1,25/12/2020
Anne Pryor,1.0461805389384513,0.9432898070589032,1.1263940079516244,2,Home Office,874.0351571428572,14,8/1/2019
Annelle Norvell,0.0873536596368659,-0.6560251190436133,-0.4919282155781364,0,Home Office,573.6419999999999,1,2/6/2020
Annie Bross,-0.5630226774455062,-0.6560251190436133,-0.6893879759890008,0,Consumer,32.580000000000005,1,1/3/2021
Annie Cyprus,0.0586605859420554,-0.2869524437891864,-0.5941920380008423,0,Corporate,73.3569,4,17/4/2020
Annie Thurman,-0.2569632247008604,0.5742171318044763,-0.427481341148686,0,Corporate,68.20306363636364,11,25/7/2020
Antherina Tachmonas,-0.1302354825487806,-0.6560251190436133,-0.6719951148278674,0,Home Office,80.2384,1,1/9/2020
Anthony Ganvery,-0.6012801090385869,-0.6560251190436133,-0.3443243239800151,0,Small Business,5069.987999999999,1,17/3/2021
Anthony Garverick,0.2858140860259721,-0.6560251190436133,-0.6873082075287699,2,Corporate,38.2788,1,11/3/2020
Anthony Garwer,0.2762497281277019,-0.6560251190436133,-0.6652472902198838,2,Corporate,98.7282,1,15/3/2020
Anthony Johnson,-0.1924038088875367,-0.5330008939588043,0.0126293498641502,0,Home Office,17068.158649999998,2,27/9/2020
Anthony Rawles,-1.225354461900716,1.066314032143712,1.9309048183128368,1,Corporate,1126.9070333333334,15,9/6/2019
Arianne Iaven,1.851977691867713,-0.6560251190436133,-0.6663305303307243,2,Small Business,95.76,1,26/5/2018
Arianne Irving,0.0275764227726773,-0.4099766688739953,-0.3612205267398134,0,Home Office,310.5986,3,27/6/2020
Arn Shari,0.3408091439410256,-0.6560251190436133,-0.6671017394818016,2,Home Office,93.64679999999998,1,17/2/2020
Art Ferdur,0.0682249438403256,-0.6560251190436133,-0.6594840236507876,0,Corporate,114.5202,1,10/6/2020
Art Ferguson,0.1901705070432703,-0.5330008939588043,-0.6346535852337736,0,Corporate,91.2792,2,21/4/2019
Art Foster,-1.3783841882730388,1.1893382572285212,0.7985286265683968,1,Home Office,256.85245,16,5/2/2022
Art Miller,-1.2851316987649046,0.2051444565500494,-0.1326466447947427,0,Corporate,194.76425,8,28/12/2021
Arthur Gainer,0.1949526859924054,1.31236248231333,1.2657185685994867,1,Home Office,324.07620588235295,17,7/6/2019
Arthur Prichep,-0.8164781617496658,0.3281686816348583,0.1365972064664414,0,Home Office,487.02537777777775,9,15/6/2021
Ashley Jarboe,-1.0484138407827177,1.435386707398139,1.4961860222847052,1,Corporate,461.0938777777778,18,20/9/2021
Astrea Jones,-0.936032635478043,1.435386707398139,1.8469343309578363,1,Corporate,1691.0515444444445,18,7/8/2020
Aumen Metsoner,0.1949526859924054,-0.6560251190436133,-0.6441211519757194,0,Consumer,156.61620000000002,1,18/4/2020
Barry Dennamed,-0.5223741563778579,-0.6560251190436133,-0.6042199466557941,0,Small Business,265.95,1,12/2/2021
Barry Franz,-1.1081910776469062,0.8202655819740942,1.509792579347072,1,Home Office,2204.4151538461538,13,7/1/2020
Barry Gonzalez,-0.0154631877695384,-0.4099766688739953,-0.4946572274037688,0,Corporate,188.7214,3,15/7/2020
Barry Lonsdale,-0.7877850880548553,-0.5330008939588043,-0.5136291476955485,0,Home Office,257.08950000000004,2,9/6/2019
Barry Pond,0.9218438862609388,-0.4099766688739953,-0.5609334061441105,2,Consumer,128.18666666666667,3,19/6/2019
Barry Prown,1.6846014286479856,-0.6560251190436133,-0.6696834945913355,2,Corporate,86.5725,1,4/8/2018
Barry Weirich,-0.6610573459027754,-0.1639282187043774,-0.3216196010382425,0,Small Business,208.06136,5,28/4/2018
Barrydle Barr,-0.5199830669032903,-0.6560251190436133,-0.6590835291768181,0,Small Business,115.6176,1,11/2/2021
Bart Watters,-1.3377356672053906,2.4195805080766104,2.466652049626956,1,Home Office,1709.9313923076925,26,7/9/2019
Bary Gonzalez,-0.0154631877695384,-0.6560251190436133,-0.6883792583600126,0,Corporate,35.343999999999994,1,15/7/2020
Bebby Elias,1.194428086361639,-0.6560251190436133,-0.4371684244079388,2,Consumer,723.6899999999999,1,25/2/2019
Bebery Jackso,-0.8571266828173141,-0.6560251190436133,-0.6670662664884812,0,Consumer,93.744,1,2/7/2021
Bebery Pistek,0.3264626070936204,-0.6560251190436133,-0.589347565752564,2,Corporate,306.702,1,23/2/2020
Becky Castell,1.5172251654282576,-0.6560251190436133,-0.6218430173250193,2,Small Business,217.6608,1,13/10/2018
Becky Dak,0.2188635807380808,-0.6560251190436133,-0.6333263770567324,0,Small Business,186.1951,1,8/4/2020
Becky Pak,-1.199052477680473,-0.1639282187043774,0.0709939197537149,0,Small Business,506.33405999999997,5,22/11/2021
Bel Wallans,1.383324154852475,-0.6560251190436133,-0.6410625916627583,2,Small Business,164.997,1,8/12/2018
Ben Peterman,-1.2325277303244186,0.0821202314652404,0.1980356645055873,0,Consumer,1186.3500571428574,7,6/12/2021
Ben Wallace,1.725249949715634,-0.5330008939588043,-0.5384330178624213,2,Home Office,223.10680000000002,2,18/7/2018
Benjamin Farhat,0.7233834598718327,-0.4099766688739953,-0.5879571849917393,2,Corporate,103.50393333333334,3,28/9/2018
Benjamin Patterson,-1.014938588138772,-0.0409039936195684,-0.2698923128587523,0,Home Office,699.9248166666666,6,6/9/2021
Beremike Kampe,1.7563341128850118,-0.6560251190436133,-0.3443243239800151,2,Small Business,1334.784,1,5/7/2018
Berenike Kampe,-0.6610573459027754,2.1735320579069928,1.7153048552210697,1,Home Office,1085.1639208333336,24,5/7/2018
Berhan Martin,1.4933142706825822,-0.6560251190436133,-0.656928873286244,2,Consumer,121.5216,1,23/10/2018
Berly Franz,1.897408391884497,-0.6560251190436133,-0.4476840502261974,2,Home Office,694.8760000000001,1,7/5/2018
Beth Fritzler,-0.3143493720904815,-0.6560251190436133,-0.6486774608955429,0,Consumer,144.1314,1,17/11/2020
Beth Paige,-0.0393740825152139,0.2051444565500494,-0.5266707279990744,0,Home Office,59.80545,8,25/7/2020
Beth Thompson,-0.9384237249526106,0.5742171318044763,-0.151438864449578,0,Corporate,136.96556363636364,11,9/6/2018
Bett Farres,-1.1703594039856624,-0.6560251190436133,-0.6334983042908194,0,Consumer,185.724,1,10/11/2021
Beul Khright,1.5220073443773925,-0.6560251190436133,-0.5783939652503152,2,Small Business,336.7161,1,11/10/2018
Bheck OBriant,0.1017001964842712,-0.6560251190436133,-0.677345551664,0,Corporate,65.57759999999999,1,27/5/2020
Bill Donatelli,-0.8093048933259632,1.927483607737375,2.45374925923454,1,Home Office,445.84124090909086,22,31/5/2021
Bill Eplett,1.2661607705986653,-0.6560251190436133,-0.6092414919118819,2,Corporate,252.1904,1,26/1/2019
Bill Shonely,-1.1536217776636897,-0.6560251190436133,-0.6804341837326155,0,Corporate,57.1144,1,3/11/2021
Bill Stewart,0.1399576280773519,2.1735320579069928,0.5239572572363121,1,Small Business,388.2095583333333,24,11/5/2020
Biman Radorston,2.1006509972227385,-0.6560251190436133,-0.6653112291954985,2,Small Business,98.553,1,11/2/2018
Bobby Elias,-0.1565374667690235,-0.2869524437891864,-0.6193777537737971,0,Home Office,56.103975,4,25/2/2019
Bobby Odegard,0.8596755599221828,-0.5330008939588043,-0.5527249846856432,2,Home Office,203.52599999999998,2,15/7/2019
Bobby Trafton,-0.2760919404974008,0.0821202314652404,-0.289981121512238,0,Consumer,160.99997142857143,7,12/10/2020
Bor Nyng,1.5578736864959055,-0.6560251190436133,-0.6485379775823015,2,Small Business,144.5136,1,26/9/2018
Bor Prostek,-1.3736020093239036,-0.6560251190436133,-0.7005948142491204,0,Home Office,1.872,1,3/2/2022
Bord Bath,1.5650469549196084,-0.6560251190436133,-0.4311215928613737,2,Corporate,740.259,1,23/9/2018
Brad Eason,-1.1703594039856624,0.3281686816348583,0.3375921134245997,0,Corporate,3367.240111111111,9,3/6/2021
Brad Norvell,-0.931250456528908,-0.0409039936195684,0.2405202672032556,0,Consumer,2371.5808833333335,6,27/9/2020
Brad Thomas,-1.242092088222689,2.050507832822184,2.745163402867348,1,Corporate,710.8081,23,4/2/2020
Bradley Drucker,1.6415618181057698,0.0821202314652404,0.8245693801608007,2,Home Office,2465.0402714285715,7,22/8/2018
Bradley Nguyen,-0.0322008140915112,-0.5330008939588043,-0.3412099265479384,0,Small Business,803.9493,2,22/7/2020
Brand Markne,1.6941657865462558,-0.6560251190436133,-0.6212743545864197,2,Home Office,219.219,1,31/7/2018
Brank Carlisle,-0.6180177353605597,-0.6560251190436133,-0.6791625572107464,0,Home Office,60.5988,1,24/3/2021
Brean Mhone,-0.6251910037842623,-0.6560251190436133,-0.658768797598222,0,Corporate,116.48,1,27/3/2021
Brean Thornton,0.7401210861938056,-0.6560251190436133,-0.6509924751530407,2,Home Office,137.78799999999998,1,3/9/2019
Brenda Bowman,1.0868290600060997,-0.6560251190436133,-0.6580666367016326,2,Corporate,118.404,1,11/4/2019
Brendan Murry,0.5560071966521046,0.3281686816348583,0.6392417119191635,2,Small Business,615.7579222222223,9,29/10/2019
Brian Dahlen,0.0251853332981097,-0.0409039936195684,0.4293564407523471,0,Home Office,4259.3066499999995,6,28/6/2020
Brian DeCherney,-0.8499534143936115,0.4511929067196673,0.9958563851100846,0,Consumer,1531.0339800000002,10,29/6/2021
Brian Stugart,0.4699279755676731,-0.2869524437891864,0.6879426282425944,2,Home Office,15485.2588,4,25/12/2019
Brian Thompson,0.3264626070936204,-0.1639282187043774,0.1997180040591725,0,Small Business,1129.91384,5,23/2/2020
Brid Thompson,0.3264626070936204,-0.6560251190436133,-0.6889176303738633,2,Home Office,33.8688,1,23/2/2020
Brindarte Groys,1.1226954021246127,-0.6560251190436133,-0.6482465297174281,2,Consumer,145.3122,1,27/3/2019
Brooke Gillingham,-1.03645839340988,0.8202655819740942,1.2398356187345705,1,Corporate,901.0173384615385,13,4/9/2020
Bruce Degenhardt,1.6343885496820671,-0.5330008939588043,-0.6544856161290261,2,Corporate,64.1082,2,25/8/2018
Bruce Hennar,-0.7495276564617745,-0.6560251190436133,-0.6579767133934623,0,Corporate,118.6504,1,18/5/2021
Bruce Stewart,-0.936032635478043,-0.5330008939588043,-0.2759598369847544,0,Consumer,5701.805,2,4/8/2021
Bryan Spruell,-0.4888989037339122,2.1735320579069928,1.462876224649542,1,Home Office,247.0844375,24,7/8/2019
Callia Suhley,0.5560071966521046,-0.6560251190436133,-0.7008181627255823,2,Corporate,1.26,1,19/11/2019
Candos Bawlak,0.2738586386531344,-0.6560251190436133,-0.6393316409701782,2,Home Office,169.74,1,16/3/2020
Cari Schnelling,-0.3549978931581298,-0.5330008939588043,-0.5945056017442673,0,Home Office,146.2842,2,7/5/2020
Carl Jackson,-0.0417651719897814,-0.4099766688739953,-0.5461686120560125,0,Home Office,141.6724,3,26/7/2020
Carl Ludwig,0.2140814017889458,-0.1639282187043774,-0.2452346410573544,0,Corporate,249.92203999999998,5,31/3/2020
Carl Muray,-0.768656372258315,-0.6560251190436133,-0.6980816329610363,0,Corporate,8.7584,1,26/5/2021
Carlo Monton,-0.9121217407323676,-0.6560251190436133,-0.631004976200643,0,Corporate,192.556,1,25/7/2021
Carlos Daly,1.0963934179043695,0.4511929067196673,1.1874371172905231,2,Home Office,2266.17484,10,7/4/2019
Carlos Meador,-1.2373099092735536,0.5742171318044763,-0.2109589707460406,0,Corporate,122.13903636363635,11,8/12/2021
Carlos Soltero,0.1590863438738922,0.4511929067196673,-0.1374784168355358,0,Corporate,154.48744000000002,10,9/2/2020
Carlosder Meady,0.1280021807045142,-0.6560251190436133,-0.6731689351541619,0,Corporate,77.02199999999999,1,16/5/2020
Carol Adams,0.8070715914816968,-0.5330008939588043,-0.6403314538559873,2,Consumer,83.5002,2,6/8/2019
Carol Darley,-1.3377356672053906,-0.2869524437891864,-0.2821665889600542,0,Consumer,399.31449999999995,4,19/1/2022
Carol Triggs,-1.1655772250365273,1.31236248231333,0.3462729607046029,1,Small Business,182.58555294117647,17,8/4/2020
Caroline Jumper,-1.1321019723925818,-0.1639282187043774,0.5617238423378166,0,Corporate,4309.22592,5,25/10/2021
Cassandra Brandow,-1.225354461900716,-0.5330008939588043,-0.6435870863540618,0,Corporate,79.03979999999999,2,9/11/2021
Catherine Glotzbach,0.6133933440417257,-0.6560251190436133,-0.680545274053261,2,Small Business,56.81,1,26/10/2019
Ceren Mitchum,0.8190270388545345,-0.6560251190436133,-0.6625362338600062,2,Consumer,106.1568,1,1/8/2019
Chacky Karkston,-0.4602058300391017,-0.6560251190436133,-0.3443243239800151,0,Home Office,19156.0743,1,17/1/2021
Chad Cunningham,1.146606296870288,-0.5330008939588043,-0.59440224833163,2,Corporate,146.42579999999998,2,17/3/2019
Chad McGuire,0.1327843596536493,1.558410932482948,0.8349039550326985,1,Consumer,225.99117894736844,19,3/5/2020
Charles Crestani,-0.3836909668529403,-0.2869524437891864,0.0774879956759405,0,Corporate,3770.294025,4,28/12/2019
Charles McCrossin,0.685126028278752,-0.6560251190436133,-0.3443243239800151,2,Corporate,1504.398,1,26/9/2019
Charles Sheldon,-0.0513295298880516,0.2051444565500494,0.4403189095029261,0,Consumer,391.12886249999997,8,6/11/2018
Charlotte Melson,0.7401210861938056,-0.6560251190436133,-0.6730533194722286,2,Small Business,77.33879999999999,1,3/9/2019
Charlotte Melton,0.1017001964842712,-0.1639282187043774,-0.2414599423206004,0,Consumer,666.292,5,7/1/2019
Christina Anderson,-0.8140870722750982,-0.4099766688739953,-0.6287045233879341,0,Corporate,66.2865,3,8/6/2021
Christina Vanderzanden,-1.0316762144607448,5.4951861351968345,3.924020127821424,1,Small Business,323.65418431372547,51,3/9/2021
Christine Abelman,0.8979329915152635,-0.5330008939588043,-0.6588313132747219,2,Corporate,58.154349999999994,2,29/6/2019
Christine Phan,-1.0555871092064202,-0.4099766688739953,-0.2742110768058159,0,Consumer,2064.5769999999998,3,23/9/2021
Christopher Conant,-0.9097306512578,0.0821202314652404,-0.1957261302182982,0,Home Office,197.89558571428572,7,5/6/2020
Christopher Martinez,-1.2612208040192292,4.018895434179127,4.0032331101535386,1,Corporate,1031.1953846153847,39,3/6/2019
Christopher Schild,-0.4028196826494806,1.804459382652566,0.5494464276794925,1,Small Business,166.7518,21,8/10/2019
Christy Brittain,-1.2014435671550403,0.6972413568892852,0.1225316536870053,0,Corporate,1234.2031083333334,12,4/7/2018
Chuck Clark,-1.1177554355451764,1.435386707398139,1.108699553357569,1,Corporate,1479.1091833333332,18,19/10/2021
Chuck Magee,0.7233834598718327,0.2051444565500494,-0.3944814577720383,2,Consumer,105.0821375,8,2/8/2018
Chuck Sachs,0.9959676599725328,-0.6560251190436133,-0.3754703785071797,2,Corporate,892.7495999999999,1,19/5/2019
Chucy Collins,1.8854529445116592,-0.6560251190436133,-0.3443243239800151,2,Home Office,20895.458700000003,1,12/5/2018
Cicole Hansen,-1.1249287039688791,-0.6560251190436133,-0.6841327177193082,0,Consumer,46.98,1,22/10/2021
Cindy Chapman,-1.383166367222174,4.634016559603172,3.146232889679184,1,Small Business,304.7752863636364,44,7/2/2022
Cindy Schnelling,0.0969180175351361,0.9432898070589032,0.6476393956650378,0,Corporate,1817.1419142857144,14,29/5/2020
Cindy Stewart,-0.7327900301398018,1.1893382572285212,2.2378389439460675,1,Home Office,2326.18921875,16,9/5/2021
Claire Good,0.3742843965849712,-0.4099766688739953,-0.6251433195183863,2,Corporate,69.5392,3,3/2/2020
Clay Cheatham,-0.5462850511235333,-0.5330008939588043,-0.5595486455900464,0,Corporate,194.17720000000003,2,22/2/2021
Clay Ludtke,-1.0005920512913669,0.6972413568892852,-0.1224121023042143,0,Small Business,132.17981666666665,12,4/1/2019
Clay Rozendal,0.4197150966017546,-0.2869524437891864,-0.5229652599910538,2,Home Office,122.14925,4,15/1/2020
Clytie Kelty,-0.2306612404806174,0.4511929067196673,2.868258740617473,1,Home Office,8561.87341,10,25/5/2019
Corey Lock,-0.6610573459027754,-0.2869524437891864,-0.5509438900704066,0,Home Office,102.98310000000001,4,11/4/2021
Corinna Mitchell,1.6965568760208234,0.6972413568892852,1.7758971071942475,2,Consumer,5852.322383333333,12,30/7/2018
Corintar Huige,0.1638685228230273,-0.6560251190436133,-0.6290904564171147,0,Corporate,197.802,1,1/5/2020
Craig Carroll,-0.3669533405309675,1.804459382652566,0.6411777271688088,1,Consumer,175.16571428571427,21,9/12/2020
Craig Molinari,0.2188635807380808,-0.5330008939588043,-0.6485985225369503,0,Corporate,72.17385,2,8/4/2020
Creian DeCherney,0.0108387964507045,-0.6560251190436133,-0.6544536466412189,0,Home Office,128.304,1,4/7/2020
Crian Creighton,-0.3454335352598596,-0.6560251190436133,-0.3648717634020788,0,Home Office,921.791,1,30/11/2020
Crist Tran,1.7061212339190934,-0.6560251190436133,-0.6365910237825335,2,Corporate,177.2496,1,26/7/2018
Curr Rcone,-0.1900127194129692,-0.6560251190436133,-0.6920720991502463,0,Home Office,25.2252,1,26/9/2020
Custer Chalkon,0.3790665755341064,-0.6560251190436133,-0.6491480254797749,2,Corporate,142.842,1,1/2/2020
Cyma Kinney,-1.3759930987984712,2.9116774084158465,2.8721378146226386,1,Consumer,821.7130333333333,30,6/3/2021
Cynthia Arntzen,-1.3018693250868774,0.4511929067196673,0.3528165966318994,0,Home Office,304.66675,10,4/1/2022
Cynthia Delaney,-0.5749781248183439,-0.2869524437891864,-0.3886813679002051,0,Small Business,214.1375,4,6/3/2021
Cynthia Voltz,-1.007765319715069,0.0821202314652404,0.475216780496462,0,Corporate,1235.6849999999997,7,3/9/2021
Cyra Reiten,-1.1703594039856624,1.927483607737375,1.510218109287521,1,Small Business,1006.3252,22,17/1/2021
Daborah Brumfield,0.1136556438571089,-0.6560251190436133,-0.3443243239800151,0,Corporate,3928.4127,1,22/5/2020
Dama Kaniet,1.194428086361639,-0.6560251190436133,-0.6335672795556091,2,Consumer,185.53500000000005,1,25/2/2019
Damala Kotsonis,-0.2019681667858069,-0.5330008939588043,-0.6427037650265643,0,Corporate,80.25000000000003,2,1/10/2020
Dan Caclop,1.6104776549363915,-0.6560251190436133,-0.6918462690240459,2,Corporate,25.844,1,4/9/2018
Dan Campbell,-1.1751415829347975,2.4195805080766104,1.9418469594324697,1,Consumer,683.5308615384615,26,9/12/2018
Dan Lawela,0.3718933071104037,-0.6560251190436133,-0.65768643336376,2,Consumer,119.4458,1,4/2/2020
Dan Lawera,-0.3597800721072648,-0.1639282187043774,-0.5732159665761568,0,Home Office,70.18087999999999,5,6/12/2020
Dan Lawera ,-0.4410771142425613,-0.6560251190436133,-0.6536011269663576,0,Home Office,130.64,1,9/1/2021
Dana Kaydos,-0.7567009248854772,-0.5330008939588043,-0.1657591147808486,0,Corporate,736.77875,2,21/5/2021
Daniel Byrd,0.8979329915152635,-0.0409039936195684,-0.3489738042495783,2,Home Office,160.8922,6,29/6/2019
Daniel Lacy,-0.7614831038346124,-0.5330008939588043,-0.6060693596285369,0,Small Business,130.44119999999998,2,23/5/2021
Danine Chand,0.632522059838266,-0.6560251190436133,-0.6630156301977193,2,Consumer,104.8432,1,18/10/2019
Darren Powers,2.028918312985712,-0.5330008939588043,-0.627361914384575,2,Home Office,101.26920000000001,2,13/3/2018
Darrin Martin,-1.010156409189637,1.804459382652566,2.3165418377723808,1,Corporate,753.6070428571429,21,4/9/2021
Darrin Sayre,-0.6754038827501807,0.6972413568892852,-0.2291469816792576,0,Corporate,107.80768333333333,12,26/1/2020
Darrin Van Huff,-1.014938588138772,-0.5330008939588043,0.0126293498641502,0,Small Business,4432.0506000000005,2,6/9/2021
Dave Hallsten,-1.3162158619342823,4.510992334518363,3.9886314845357456,1,Home Office,1072.9864883720932,43,7/1/2022
Dave Kipp,1.863933139240552,-0.0409039936195684,0.9325105967726822,2,Corporate,4215.366333333333,6,5/5/2018
Dave Poirier,1.6654727128514453,-0.5330008939588043,0.0126293498641502,2,Home Office,3908.1912,2,12/8/2018
David Flashing,-1.0747158250029607,-0.4099766688739953,-0.4335144141371422,0,Consumer,244.56746666666666,3,1/10/2021
David Smith,0.3718933071104037,0.0821202314652404,-0.1534467745519406,2,Corporate,369.4242857142857,7,4/2/2020
Dean Percer,-0.931250456528908,0.0821202314652404,0.9864776103359868,0,Home Office,3151.0778,7,2/8/2021
Deanra Eno,-0.610844466936857,0.0821202314652404,-0.2137605708265232,0,Home Office,190.8361,7,21/3/2021
Dearre Gonne,1.194428086361639,-0.6560251190436133,-0.6285780687358197,2,Small Business,199.206,1,25/2/2019
Deborah Brumfield,0.1088734649079738,1.31236248231333,1.9932386409796816,1,Small Business,2753.216011764706,17,5/6/2018
Debra Catini,-0.8810375775629895,-0.6560251190436133,-0.6912389947351036,0,Consumer,27.508000000000003,1,12/7/2021
Deirdre Greer,-0.6251910037842623,-0.1639282187043774,0.2594128841879515,0,Home Office,1404.50322,5,27/3/2021
Delfina Latchford,1.1729082810905311,-0.0409039936195684,-0.0406520714640543,2,Corporate,1953.9988999999998,6,6/3/2019
Denise Leinenbach,-0.1876216299384016,-0.2869524437891864,-0.3968146099695363,0,Corporate,208.566,4,27/10/2019
Denise Monton,-0.8642999512410168,3.526798533839892,3.530245669384902,1,Corporate,1237.3995257142858,35,5/7/2021
Dennis Bolton,-0.952770261800016,0.3281686816348583,0.0315823293292494,0,Home Office,537.438,9,30/7/2020
Dennis Kane,1.457447928564069,0.3281686816348583,0.0535376670397035,2,Small Business,229.8088888888889,9,7/11/2018
Dennis Kenery,0.0323586017218124,-0.6560251190436133,-0.3443243239800151,0,Home Office,1427.5584,1,25/6/2020
Dennis Pardue,1.1561706547685584,0.9432898070589032,1.0919233456615955,2,Consumer,893.1622357142858,14,13/3/2019
Denny Blanton,0.1614774333484598,-0.6560251190436133,-0.5472332397938144,0,Small Business,422.1,1,2/5/2020
Denny Joy,-0.6658395248519106,0.6972413568892852,0.4676353770402975,0,Corporate,769.9117583333332,12,30/8/2018
Denny Ordway,1.851977691867713,-0.1639282187043774,-0.3786032423328984,2,Home Office,176.83304,5,5/5/2018
Dianna Arnett,0.17104179124673,0.0821202314652404,-0.4006813852105573,0,Home Office,117.66694285714286,7,28/4/2020
Dianna Wilson,0.957710228379452,-0.6560251190436133,-0.3696383556423881,2,Small Business,908.73,1,4/6/2019
Dionin Lloyd,1.3115914706154488,-0.6560251190436133,-0.4272616056622844,2,Consumer,750.8358000000001,1,7/1/2019
Dionis Lloyd,-0.531938514276128,0.9432898070589032,1.1407774308666787,1,Small Business,360.53139285714286,14,8/1/2019
Dirly Steele,1.3976706916998802,-0.6560251190436133,-0.6949716879005493,2,Home Office,17.28,1,2/12/2018
Diz Karnisser,-0.1158889457013753,-0.6560251190436133,-0.4007122598528918,0,Corporate,823.584,1,26/8/2020
Diza Ken Reitt,1.6869925181225531,-0.6560251190436133,-0.3443243239800151,2,Small Business,1837.122,1,3/8/2018
Dlanna Ennardes,-0.0082899193458358,-0.6560251190436133,-0.6895936609585007,0,Home Office,32.016400000000004,1,12/7/2020
Doborah Brumfield,1.000749838921668,-0.6560251190436133,-0.6265415101769174,2,Corporate,204.7864,1,17/5/2019
Don Jones,-0.531938514276128,-0.6560251190436133,-0.680859567693668,0,Home Office,55.94879999999999,1,16/2/2021
Don Miller,0.2690764597039993,-0.4099766688739953,-0.6176857430852015,0,Small Business,76.35073333333334,3,23/12/2018
Don Weiss,-0.6777949722247483,-0.2869524437891864,-0.2925228782671636,0,Small Business,1118.97745,4,18/4/2021
Donna Barnton,0.3838487544832414,-0.6560251190436133,-0.3443243239800151,2,Home Office,1112.6676,1,30/1/2020
Dorgin Lygon,0.0299675122472448,-0.6560251190436133,-0.6713295947597695,0,Home Office,82.062,1,26/6/2020
Dorris Love,-1.251656446120959,0.0821202314652404,0.4795578063014736,0,Consumer,1438.3427142857142,7,22/8/2019
Doug Bickford,0.3623289492121335,-0.2869524437891864,0.1124214491473441,2,Home Office,7164.938550000001,4,8/2/2020
Doug Jacobs,-1.1153643460706089,-0.4099766688739953,0.0497925656255655,0,Small Business,2621.1065999999996,3,18/10/2021
Drenn Jones,1.194428086361639,-0.6560251190436133,-0.6060378280789187,2,Consumer,260.96880000000004,1,25/2/2019
Duae Moringaez,-0.6012801090385869,-0.6560251190436133,-0.6430707572290646,0,Small Business,159.49439999999998,1,17/3/2021
Duane Huffman,1.330720186411989,-0.5330008939588043,-0.4716016794776452,2,Home Office,314.6695,2,30/12/2018
Ean McVeigh,0.4149329176526195,-0.6560251190436133,-0.6149560013625872,2,Corporate,236.532,1,17/1/2020
Echa Smith,1.9954430603417663,-0.6560251190436133,-0.6057855756819734,2,Home Office,261.66,1,27/3/2018
Ecin Brown,-0.1421909299216183,-0.6560251190436133,-0.3443243239800151,0,Small Business,3697.64,1,6/9/2020
Ed Braxton,-0.5128097984795877,1.31236248231333,1.2532252869087652,1,Consumer,1878.1610999999998,17,8/2/2021
Ed Jacobs,1.4909231812080146,-0.5330008939588043,-0.3169210716914955,2,Corporate,616.968,2,24/10/2018
Ed Ludwig,-0.9742900670711238,0.5742171318044763,-0.0516134453691603,0,Corporate,163.59141818181817,11,5/8/2019
Edward Becker,-0.1182800351759428,1.804459382652566,2.7461936159624525,1,Consumer,1846.9944571428573,21,27/8/2020
Edward Hooks,1.6702548918005804,-0.0409039936195684,-0.441302779882525,2,Corporate,118.7269,6,10/8/2018
Edward Nazzal,-1.120146525019744,0.8202655819740942,0.5482220254923523,0,Home Office,449.92547692307687,13,20/10/2021
Eelia Bern,0.2140814017889458,-0.6560251190436133,-0.6222855538651464,0,Consumer,216.4482,1,10/4/2020
Eic Selver,0.1949526859924054,-0.6560251190436133,-0.6224280297560136,0,Corporate,216.0578,1,18/4/2020
Eleni McCrary,-0.1111067667522402,-0.4099766688739953,-0.5002674345757603,0,Consumer,183.59720000000002,3,24/8/2020
Eleni McCrrary,-0.1111067667522402,-0.6560251190436133,-0.675254615779946,0,Home Office,71.30699999999999,1,24/8/2020
Elima Hackney,1.199210265310774,-0.6560251190436133,-0.4538513147747764,2,Corporate,677.977,1,23/2/2019
Ellis Ballard,-0.3263048194633192,-0.0409039936195684,-0.425104103173481,0,Corporate,126.1246,6,22/11/2020
Ellis Dallentan,0.3025517123479449,-0.6560251190436133,-0.5372336511417604,2,Corporate,449.5,1,4/3/2020
Emily Grady,-1.0842801829012307,1.804459382652566,3.541717131795811,1,Small Business,1497.264319047619,21,9/12/2020
Enda Mitchell,1.6965568760208234,-0.6560251190436133,-0.3443243239800151,2,Small Business,4132.1016,1,30/7/2018
Enpleneima,0.9027151704643986,-0.6560251190436133,-0.6668041604822803,2,Home Office,94.4622,1,27/6/2019
Eria McGuire,-1.3759930987984712,-0.6560251190436133,-0.6918710855214305,0,Corporate,25.776,1,4/2/2022
Erias Ashbrook,-0.7399632985635044,-0.6560251190436133,-0.6861340952436827,0,Home Office,41.496,1,14/5/2021
Eric Barreto,-0.7567009248854772,2.788653183331037,2.322459368068602,1,Corporate,549.9463758620689,29,9/5/2020
Erica Bern,-0.8069138038513957,-0.2869524437891864,-0.5586710174590077,0,Corporate,97.68979999999999,4,21/6/2020
Erica Hackney,-1.3736020093239036,-0.5330008939588043,-0.5835205791769477,0,Corporate,161.33429999999998,2,3/2/2022
Erica Hernandez,-1.2373099092735536,0.3281686816348583,-0.2831874593737911,0,Home Office,127.2905777777778,9,8/12/2021
Erica Melson,0.1256110912299466,-0.6560251190436133,-0.6984795727955692,0,Corporate,7.667999999999999,1,17/5/2020
Erica Smith,-0.6060622879877219,0.8202655819740942,0.8013875235619589,0,Consumer,646.8332923076923,13,6/3/2021
Erin Ashbrook,-1.2086168355787432,0.3281686816348583,-0.4996541021418682,0,Corporate,61.3858,9,26/11/2021
Erin Creighton,-0.3597800721072648,0.6972413568892852,0.0466157984963853,0,Corporate,210.70666666666668,12,6/3/2020
Erina Nurn,1.5650469549196084,-0.6560251190436133,-0.6449941817557721,2,Consumer,154.224,1,23/9/2018
Eudokia Martin,1.844804423444011,0.2051444565500494,0.8098606056660635,2,Home Office,925.3055874999999,8,29/5/2018
Eudokian,-1.060369288155555,-0.6560251190436133,-0.5601546060644212,0,Consumer,386.694,1,25/9/2021
Eugene Barchas,1.4335370338183937,-0.4099766688739953,-0.5959880225145098,2,Home Office,96.16879999999999,3,17/7/2018
Eugene Hildebrand,1.4694033759369065,0.4511929067196673,-0.0573586104931054,2,Corporate,176.44117,10,29/6/2018
Eugene Moren,0.6086111650925906,1.804459382652566,1.3048355361072077,1,Home Office,1432.637980952381,21,7/9/2019
Eulex Forman,1.2422498758529898,-0.6560251190436133,-0.5370548263811944,2,Corporate,449.99,1,5/2/2019
Eva Jacobs,-0.7590920143600448,0.8202655819740942,-0.2155796565796679,0,Small Business,102.37447692307693,13,22/5/2021
Feorge Ashbrook,0.6970814756515897,-0.6560251190436133,-0.6663909658008258,2,Corporate,95.5944,1,21/9/2019
Ferighting,1.7324232181393364,-0.6560251190436133,-0.6810199625554408,2,Consumer,55.50930000000001,1,15/7/2018
Flank Prite,0.5057943176861862,-0.6560251190436133,-0.6064201481180388,2,Home Office,259.9212,1,10/12/2019
Fley Castell,1.818502439223768,-0.6560251190436133,-0.6843981082619276,2,Corporate,46.2528,1,9/6/2018
Frank Atkinson,-1.230136640849851,-0.1639282187043774,-0.4996265850256506,0,Home Office,110.50952,5,5/8/2021
Frank Carlisle,1.8806707655625243,-0.6560251190436133,-0.6737103727353366,2,Corporate,75.5384,1,14/5/2018
Frank Hawley,-0.7877850880548553,-0.1639282187043774,-0.0591162754152231,0,Home Office,358.72375999999997,5,3/8/2019
Frank Merwin,0.6301309703636986,0.2051444565500494,-0.1460028836871665,2,Consumer,190.18955,8,9/10/2018
Frank Price,-0.7495276564617745,-0.1639282187043774,0.0520410862680121,0,Corporate,412.8358399999999,5,9/9/2018
Fred Chung,-0.0369829930406463,-0.5330008939588043,-0.4610864186078775,0,Consumer,329.076,2,24/7/2020
Fred McMath,-0.1087156772776727,-0.6560251190436133,-0.6007570234148595,0,Home Office,275.4388,1,23/8/2020
Fred Wasserman,-1.0436316618335826,0.8202655819740942,0.1007655782639586,0,Consumer,169.05306153846155,13,18/9/2021
Fredhen Memon,0.0467051385692176,-0.6560251190436133,-0.6865080944572093,0,Corporate,40.4712,1,19/6/2020
Fren Wabre,0.0347496911963799,-0.6560251190436133,-0.638674514717372,0,Consumer,171.5406,1,24/6/2020
Gaorge Cnr Hugher,-1.2731762513920668,-0.6560251190436133,-0.6753227151683575,0,Small Business,71.12039999999999,1,23/12/2021
Garry Greene,0.4914477808387809,-0.6560251190436133,-0.6898970791338773,2,Corporate,31.185,1,16/12/2019
Gary Hansen,0.6946903861770223,0.4511929067196673,1.053025274258747,2,Corporate,824.71276,10,22/9/2019
Gary Hwang,-1.242092088222689,2.050507832822184,0.7587763202327799,1,Consumer,173.94406086956522,23,8/12/2018
Gary Zandusky,-0.2737008510228332,-0.2869524437891864,-0.52607484010305,0,Corporate,120.01910000000001,4,31/10/2020
Gen Letin,2.074349013002496,-0.6560251190436133,-0.617757710927617,2,Consumer,228.855,1,22/2/2018
Gene Hale,0.84293793360021,0.2051444565500494,-0.4914264843927771,2,Corporate,71.8771,8,22/7/2019
Gene Hell,1.1968191758362066,-0.6560251190436133,-0.6906159546713523,2,Home Office,29.2152,1,24/2/2019
George Ashbrook,-0.7399632985635044,2.5426047331614194,2.7812698737783657,1,Corporate,2389.22802962963,27,22/10/2019
George Beck,-0.0585027983117542,-0.6560251190436133,-0.6855414188943786,0,Home Office,43.120000000000005,1,2/8/2020
George Bell,-0.7806118196311527,-0.6560251190436133,-0.6916674442634799,0,Consumer,26.334,1,31/5/2021
George Zrebassa,-1.146448509239987,2.6656289582462285,1.1034364851901703,1,Home Office,454.4733857142857,28,31/10/2021
Gey Krith,1.194428086361639,-0.6560251190436133,-0.6608322163660583,2,Home Office,110.826,1,25/2/2019
Giulietta Baptist,-1.0555871092064202,1.6814351575677569,3.096801382971718,1,Home Office,1078.3173714285713,20,28/9/2019
Giulietta Dortch,-0.5152008879541552,0.8202655819740942,1.95005322769484,1,Corporate,5114.796485714285,13,9/2/2021
Giulietta Weimer,-1.2731762513920668,1.1893382572285212,0.1235157007980053,0,Home Office,173.0584,16,23/2/2018
Grant Carroll,-1.2157901040024457,3.280750083670273,3.105226109400772,1,Home Office,816.7568393939393,33,7/5/2019
Grant Thornton,-1.007765319715069,0.5742171318044763,0.7737315444434558,0,Small Business,868.7295545454544,11,3/9/2021
Grean Thornton,0.30733389129708,-0.6560251190436133,-0.6658890886360701,2,Corporate,96.9696,1,2/3/2020
Greg Guthrie,0.4675368860931055,-0.1639282187043774,-0.4771533854065373,2,Home Office,122.82534000000001,5,26/12/2019
Greg Hansen,-0.7112702248686938,0.8202655819740942,0.4529256901743332,0,Home Office,435.8054230769231,13,21/10/2019
Greg Tran,0.1734328807212975,0.4511929067196673,0.9166810289673858,0,Consumer,938.78513,10,27/4/2020
Gregh Bank,-0.7351811196143694,-0.6560251190436133,-0.6106977823701722,0,Corporate,248.2,1,12/5/2021
Grobbarah Frawer,1.3904974232761778,-0.6560251190436133,-0.5619341678959959,2,Home Office,381.8178,1,5/12/2018
Guy Armstrong,-1.2851316987649046,0.9432898070589032,0.6413062985221708,0,Small Business,804.5142714285714,14,9/12/2021
Harold Dahlen,-0.8356068775462062,1.31236248231333,0.7970335785803676,1,Corporate,1646.8768823529413,17,7/4/2019
Harold Pawlan,-1.3544732935273631,1.066314032143712,2.466992583063863,1,Corporate,1955.3284866666668,15,4/5/2019
Harold Ryan,0.548833928228402,-0.2869524437891864,0.0792737616318612,2,Corporate,2954.8025,4,8/8/2018
Harry Golzay,-0.369344430005535,-0.6560251190436133,-0.6816828914892531,0,Corporate,53.6928,1,10/12/2020
Harry Greene,-0.6251910037842623,-0.1639282187043774,-0.6309361469152497,0,Small Business,38.548919999999995,5,27/3/2021
Haura Armstrong,-0.0250275456678086,-0.6560251190436133,-0.6501706111514194,0,Corporate,140.04,1,19/7/2020
Heather Kirkland,-0.689750419597586,-0.6560251190436133,-0.3443243239800151,0,Home Office,1189.632,1,23/4/2021
Helen Andreada,1.2709429495478004,0.4511929067196673,2.015411013557704,1,Corporate,3504.6191700000004,10,4/1/2019
Henny Holldon,-0.127844393074213,-0.6560251190436133,-0.5986026594830782,0,Corporate,281.342,1,31/8/2020
Henry Goldwyn,-0.3310869984124543,0.5742171318044763,0.013251404566976,0,Corporate,1837.8972999999999,11,29/12/2018
Hilary Holden,1.2565964127003952,-0.6560251190436133,-0.3666071664662484,2,Small Business,917.0358,1,30/1/2019
Hirlia Sunley,0.838155754651075,-0.6560251190436133,-0.3959671265838502,2,Small Business,836.5862,1,24/7/2019
Hoy Smith,1.840022244494876,-0.6560251190436133,-0.5239632846292572,2,Consumer,485.86230000000006,1,31/5/2018
Hunter Glantz,-0.7519187459363421,-0.4099766688739953,-0.4114976920905102,0,Corporate,264.67690000000005,3,2/4/2021
Ionia McGrath,0.3742843965849712,-0.5330008939588043,0.0126293498641502,2,Home Office,12887.8035,2,3/2/2020
Jack Lebron,-0.048938440413484,-0.2869524437891864,-0.0855086933735069,0,Small Business,1642.2971,4,29/7/2020
Jack OBriant,-1.2086168355787432,1.6814351575677569,4.088597956207916,1,Corporate,4471.578665,20,8/6/2020
Jam Mailer,0.5560071966521046,-0.6560251190436133,-0.6877404525214522,2,Corporate,37.0944,1,19/11/2019
James Galang,0.1566952543993247,-0.5330008939588043,-0.3523178272721612,0,Corporate,478.09509999999995,2,5/7/2019
Jamie Kunitz,-0.3669533405309675,0.2051444565500494,-0.1059072703061117,0,Corporate,203.9228625,8,9/12/2020
Jan Machine,1.8280667971220383,-0.6560251190436133,-0.3443243239800151,2,Consumer,2479.708,1,5/6/2018
Janet Lee,-0.2210968825823472,-0.4099766688739953,-0.2517139730605454,0,Corporate,2022.6084,3,9/10/2020
Janet Martin,-0.3645622510563999,0.4511929067196673,0.0168770948348748,0,Corporate,228.34313000000003,10,8/12/2020
Jarie Kunitz,-0.4602058300391017,-0.6560251190436133,-0.555175102874491,0,Corporate,400.3384,1,17/1/2021
Jasper Cacioppo,-0.983854424969394,2.6656289582462285,2.3602257706958616,1,Corporate,1745.5885357142856,28,24/8/2021
Jeenine Kunder,-1.242092088222689,-0.6560251190436133,-0.6756914591236144,0,Corporate,70.11,1,10/12/2021
Jegerrin Martin,1.8806707655625243,-0.6560251190436133,-0.3920718853605351,2,Home Office,847.2596,1,14/5/2018
Jelar Gacuratha,-0.1374087509724832,-0.6560251190436133,-0.6745707752976023,0,Consumer,73.1808,1,4/9/2020
Jena Casterl,-0.6323642722079649,-0.6560251190436133,-0.6861126362724149,0,Consumer,41.55479999999999,1,30/3/2021
Jename Hans,-0.1684929141418613,-0.6560251190436133,-0.3443243239800151,0,Consumer,19949.667500000003,1,17/9/2020
Jenna Caffey,-0.3119582826159139,0.2051444565500494,0.5544445432424612,0,Consumer,863.9458999999999,8,16/11/2020
Jennifer Braxton,0.4053685597543494,-0.6560251190436133,-0.6843100826859103,2,Corporate,46.494,1,21/1/2020
Jennifer Jackson,-1.2277455513752835,-0.1639282187043774,0.6592271306651627,0,Consumer,1803.0929800000001,5,4/12/2021
Jennifer Patt,1.010314196819938,0.4511929067196673,0.9896636106619884,2,Home Office,1404.95026,10,20/8/2018
Jennis Pardel,-0.8690821301901518,-0.6560251190436133,-0.6924678492938335,0,Corporate,24.1408,1,7/7/2021
Jere Hund,0.8525022914984801,-0.6560251190436133,-0.6844874476525123,2,Small Business,46.008,1,18/7/2019
Jeremy Lonsdale,0.9601013178540196,-0.4099766688739953,0.0280270741201042,2,Corporate,733.9169333333333,3,3/6/2019
Jeremy Pistek,-1.3496911145782282,3.526798533839892,1.3283660279994547,1,Consumer,304.4359685714286,35,3/12/2018
Jesus Ocampo,-0.689750419597586,1.435386707398139,0.5398980978364991,1,Home Office,203.76586111111112,18,5/12/2019
Jiel Smearn,1.6272152812583645,-0.6560251190436133,-0.6975349401215919,2,Corporate,10.2564,1,28/8/2018
Jill Fjeld,0.7616408914649134,-0.5330008939588043,-0.1455606026109831,2,Corporate,8569.1235,2,25/8/2019
Jill Stevenson,-1.330562398781688,-0.1639282187043774,-0.1722435195680638,0,Corporate,379.4004,5,29/11/2018
Jim Epp,1.8352400655457408,-0.6560251190436133,-0.4899553040360558,2,Corporate,579.048,1,2/6/2018
Jim Karlsson,-0.768656372258315,-0.6560251190436133,-0.6845400002352093,0,Corporate,45.864,1,26/5/2021
Jim Kriz,-1.1081910776469062,2.788653183331037,2.971052723712983,1,Home Office,566.491048275862,29,9/6/2018
Jim Mitchum,0.9218438862609388,-0.5330008939588043,0.0126293498641502,2,Corporate,1317.6061,2,19/6/2019
Jim Sink,0.4268883650254572,-0.6560251190436133,-0.6376736069860902,2,Corporate,174.28320000000002,1,12/1/2020
Jind Marthon,-0.7877850880548553,-0.6560251190436133,-0.6975336263070244,0,Home Office,10.259999999999998,1,3/6/2021
Jiner Carlon,-0.0871958720065648,-0.6560251190436133,-0.6612927813616383,0,Small Business,109.564,1,14/8/2020
Jiz Kallsten,-0.4602058300391017,-0.6560251190436133,-0.6960201119253528,0,Home Office,14.4072,1,17/1/2021
Jizlia MacKendrick,-0.4649880089882368,-0.6560251190436133,-0.6834363959985739,0,Small Business,48.888,1,19/1/2021
Jock OBriant,0.0730071227894606,-0.6560251190436133,-0.3443243239800151,0,Home Office,5751.536700000001,1,8/6/2020
John Castell,-1.0436316618335826,0.5742171318044763,1.3154940757545224,1,Small Business,2209.335018181818,11,29/8/2018
John Dryer,1.541136060173933,-0.4099766688739953,-0.2502544710555346,2,Corporate,2824.7476666666666,3,3/10/2018
John Huston,-0.8260425196479361,-0.4099766688739953,-0.3546738617400419,0,Home Office,316.57813333333337,3,19/6/2021
John Lee,-0.7997405354276931,1.927483607737375,1.4606656221553054,1,Home Office,361.0812681818182,22,8/6/2021
John Lucas,-0.7567009248854772,2.6656289582462285,1.6172313348766123,1,Corporate,377.1352,28,7/8/2019
John Murra,1.471794465411474,-0.6560251190436133,-0.6831765526730169,2,Small Business,49.6,1,1/11/2018
John Murray,-1.2110079250533106,0.2051444565500494,1.9319651761532943,1,Small Business,4390.5954375,8,27/11/2021
Jona Lucar,1.703730144444526,-0.6560251190436133,-0.6125718658609032,2,Small Business,243.0648,1,27/7/2018
Jonathan Doherty,-1.1847059408330676,-0.2869524437891864,-0.1610677384245241,0,Corporate,370.05925,4,16/11/2021
Jonathan Dohery,-0.8236514301733685,-0.6560251190436133,-0.6099230697135818,0,Corporate,250.32280000000003,1,18/6/2021
Jonathan Howell,0.2714675491785668,-0.5330008939588043,-0.3493776562496646,0,Small Business,482.12330000000003,2,17/3/2020
Jone Willina,-0.5749781248183439,-0.6560251190436133,-0.6993434058736498,0,Small Business,5.300999999999999,1,6/3/2021
Jonest Rantza,-0.1374087509724832,-0.6560251190436133,-0.6835546393096419,0,Consumer,48.564,1,4/9/2020
Joni Murtas,1.0390072705147486,-0.6560251190436133,-0.6379311146413051,2,Small Business,173.57760000000002,1,1/5/2019
Joni Sundaresam,-1.1392752408162845,-0.5330008939588043,-0.5066570622398755,0,Home Office,266.64164999999997,2,30/12/2019
Joni Wasserman,0.0156209753998396,-0.1639282187043774,-0.1587807157162823,0,Home Office,430.23464,5,5/10/2018
Jonit MacIntyre,1.5004875391062846,-0.6560251190436133,-0.6400367214546954,2,Corporate,167.808,1,20/10/2018
Joseph Airdo,0.0251853332981097,1.1893382572285212,0.244736079181022,0,Small Business,162.01157500000002,16,28/6/2020
Joseph Ardolo,0.5942646282451853,-0.6560251190436133,-0.6693960976547116,2,Consumer,87.36,1,3/11/2019
Joukine Gilding,-0.6227999143096947,-0.6560251190436133,-0.5820197650027613,0,Corporate,326.781,1,26/3/2021
Joy Bell,-0.4769434563610745,-0.5330008939588043,-0.2771660647370452,0,Home Office,1312.1106000000002,2,24/1/2021
Joy Daniels,-1.3688198303747685,0.0821202314652404,0.8190791680526337,0,Small Business,3327.6784714285714,7,1/2/2022
Joy Smith,0.4316705439745923,0.0821202314652404,0.5833524416643222,2,Home Office,3147.118985714286,7,31/5/2018
Ju Letch,1.194428086361639,-0.6560251190436133,-0.3443243239800151,2,Small Business,5264.883,1,25/2/2019
Julia Barnett,-1.3640376514256336,1.31236248231333,2.091238405234117,1,Small Business,685.2194764705882,17,30/1/2022
Julia Dunbar,0.3790665755341064,1.066314032143712,0.2109404621147049,0,Consumer,166.63876,15,8/2/2019
Juliana Krohn,0.9959676599725328,-0.6560251190436133,-0.6776156500421527,2,Consumer,64.8375,1,19/5/2019
Julie Dunbar,0.3790665755341064,-0.6560251190436133,-0.3443243239800151,2,Corporate,4603.3977,1,1/2/2020
Julie Kriz,1.7443786655121742,-0.2869524437891864,-0.4700158323050672,2,Corporate,158.4211,4,10/7/2018
Julie Prescott,-0.0513295298880516,0.5742171318044763,1.3971047331773363,1,Corporate,1717.3597363636363,11,30/7/2020
Justin Ellison,1.1346508494974503,-0.1639282187043774,-0.2209700187807105,2,Small Business,319.74997999999994,5,22/3/2019
Justin Hirsh,1.419190496970988,-0.4099766688739953,-0.1966603253654342,2,Corporate,1101.9914,3,23/11/2018
Justin Kanez,-1.2014435671550403,-0.6560251190436133,-0.6826743835494684,0,Corporate,50.976,1,23/11/2021
Justin Knight,-0.9599435302237184,2.296556282991802,0.730973850790009,1,Small Business,253.011796,25,31/3/2018
Kand Hare,-0.5893246616657491,-0.6560251190436133,-0.6739637929674528,0,Consumer,74.844,1,12/3/2021
Karen Ferguson,0.0156209753998396,-0.4099766688739953,-0.3976497580962283,0,Small Business,277.32520000000005,3,2/7/2020
Karl Brofe,0.9864033020742626,-0.6560251190436133,-0.6230896813701076,2,Corporate,214.2448,1,23/5/2019
Karl Brown,-0.4052107721240482,1.927483607737375,1.1827671634106172,1,Small Business,930.3572181818181,22,5/9/2018
Kather Buire,1.713294502342796,-0.6560251190436133,-0.3443243239800151,2,Home Office,1468.2623999999998,1,23/7/2018
Katherine Ducich,-1.0125474986642045,-0.1639282187043774,0.0853088418370178,0,Small Business,957.47906,5,5/9/2021
Katherine Murray,-0.8786464880884219,-0.5330008939588043,-0.6081989435577825,0,Corporate,127.52355,2,11/7/2021
Katherine Nockton,0.4268883650254572,-0.4099766688739953,-0.2641062370089717,2,Consumer,413.55896666666655,3,12/1/2020
Katrina Edelman,-0.1230622141250779,0.4511929067196673,0.5516019594464447,0,Home Office,468.9987,10,29/8/2020
Katrina Willman,0.4340616334491599,-0.4099766688739953,-0.6741964841252831,2,Home Office,24.735466666666667,3,9/1/2020
Kean Takahito,-0.0800226035828621,-0.4099766688739953,-0.202813356922866,0,Small Business,1944.7805333333333,3,9/8/2019
Kean Thornton,-1.356864383001931,2.9116774084158465,0.5203481721247515,1,Home Office,111.57978,30,3/9/2019
Kean Thrrason,-1.2277455513752835,-0.6560251190436133,-0.6915097865153892,0,Corporate,26.766,1,4/12/2021
Keith Dawkins,-0.0011166509221331,-0.1639282187043774,0.2803819121067617,0,Corporate,1891.85964,5,9/7/2020
Keith Herrera,-0.9240771881052052,0.2051444565500494,0.0606527028192817,0,Small Business,260.972,8,30/7/2021
Kelly Collister,0.6229577019399959,-0.4099766688739953,-0.6496365455297618,2,Home Office,47.1678,3,22/10/2019
Kelly Lampkin,-0.2497899562771578,0.3281686816348583,-0.5158900035969892,0,Corporate,56.44266666666667,9,28/5/2018
Kelly Williams,-0.983854424969394,0.9432898070589032,1.1903575445996597,1,Small Business,782.2280642857143,14,30/4/2018
Ken Dana,-0.4123840405477508,-0.2869524437891864,-0.6089388036334872,0,Small Business,63.254949999999994,4,28/12/2020
Ken Danat,-1.2612208040192292,-0.6560251190436133,-0.6812849516547202,0,Home Office,54.7832,1,18/12/2021
Ken Heidel,-1.3544732935273631,-0.2869524437891864,-0.2299120961905362,0,Home Office,3101.6192499999997,4,26/1/2022
Ken Lonsdale,-1.242092088222689,0.3281686816348583,0.1635393463366446,0,Small Business,263.29966666666667,9,27/1/2019
Ken Lonsdalel,1.2709429495478004,-0.6560251190436133,-0.3443243239800151,2,Small Business,2416.3272,1,24/1/2019
Ken Plitt,1.3331112758865566,-0.6560251190436133,-0.6416986968824857,2,Corporate,163.25400000000002,1,29/12/2018
Khith Dawkins,0.2738586386531344,-0.6560251190436133,-0.6392692347782256,2,Small Business,169.911,1,16/3/2020
Kol Adams,-0.0967602299048349,-0.6560251190436133,-0.3443243239800151,0,Consumer,9311.8448,1,18/8/2020
Kristina Nunn,1.471794465411474,0.4511929067196673,-0.0444591046371065,2,Corporate,179.97578,10,1/11/2018
Lany Sayre,-0.742354388038072,-0.6560251190436133,-0.644543543359146,0,Consumer,155.4588,1,15/5/2021
Larry Green,0.948145870481182,-0.6560251190436133,-0.5696285229101097,2,Small Business,360.7344,1,8/6/2019
Larry Hughes,-0.1493641983453209,0.0821202314652404,0.2784260071643596,0,Home Office,670.0623571428571,7,9/9/2020
Larry Tron,-0.1924038088875367,2.5426047331614194,3.1385983497227365,1,Small Business,986.6214481481481,27,8/12/2018
Laura Armstrong,-1.0723247355283931,0.6972413568892852,0.1996760349827132,0,Small Business,205.7263,12,8/9/2020
Laurel Elliston,-1.2086168355787432,-0.0409039936195684,-0.5777981503439887,0,Corporate,56.39145,6,26/11/2021
Laurel Workman,-1.3377356672053906,-0.2869524437891864,-0.4185742987939916,0,Corporate,193.66,4,19/1/2022
Lauren Leatherbury,0.0275764227726773,0.6972413568892852,0.5448035164827664,0,Small Business,506.075675,12,8/6/2020
Laurien Vistorini,-0.0130720982949709,-0.6560251190436133,-0.516140942179367,0,Home Office,507.2964,1,14/7/2020
Lcoras Songe,-0.5223741563778579,-0.6560251190436133,-0.6088470555828622,0,Small Business,253.2712,1,12/2/2021
Lena Creighton,-1.2325277303244186,2.4195805080766104,0.5355833118279869,1,Small Business,155.50013846153846,26,9/1/2021
Lena Creightor,-0.584542482716614,-0.5330008939588043,-0.6376674758514422,0,Home Office,87.15,2,30/1/2019
Lena Radford,1.1872548179379363,-0.2869524437891864,-0.2814221670282126,2,Home Office,381.38225,4,28/2/2019
Lie Pelle Rcce,-1.098626719748636,-0.6560251190436133,-0.6619131937962548,0,Corporate,107.864,1,11/10/2021
Linda Southworth,-0.5558494090218035,0.5742171318044763,1.7622006268237105,1,Home Office,3355.5190545454548,11,9/2/2021
Lindsay Castell,-0.8523445038681791,0.4511929067196673,0.3565982658848307,0,Home Office,1132.53001,10,5/6/2019
Lindsay Shagiari,-0.983854424969394,0.6972413568892852,0.4178877154551211,0,Corporate,286.50297500000005,12,3/11/2019
Lisa DeCherney,-1.1057999881723388,0.3281686816348583,0.2834222979848735,0,Consumer,2423.324,9,18/5/2020
Lisa Gouktamey,-0.5964979300894517,-0.6560251190436133,-0.5472779094891068,0,Small Business,421.9776,1,15/3/2021
Lisa Hazard,-1.2755673408666344,-0.2869524437891864,-0.1474985520876304,0,Home Office,2097.4071999999996,4,24/5/2018
Lisa Hizard,1.6367796391566347,-0.6560251190436133,-0.6580475134007068,2,Home Office,118.4564,1,24/8/2018
Liz Carlisle,-1.151230688189122,-0.4099766688739953,-0.6371608178614551,0,Home Office,58.56276666666667,3,2/11/2021
Liz MacKendrick,0.0682249438403256,0.4511929067196673,0.9457396876108588,0,Corporate,1677.63988,10,25/6/2019
Liz Pelletier,1.6893836075971207,-0.2869524437891864,-0.52168575058178,2,Home Office,123.02575,4,9/5/2018
Liz Price,0.6659973124822117,0.0821202314652404,-0.3844589503547524,2,Corporate,124.01712857142857,7,9/9/2018
Liz Willingham,1.0342250915656137,1.435386707398139,0.2233408644144794,2,Home Office,145.1196111111111,18,3/5/2019
Lizard Blumshen,0.4173240071271871,-0.6560251190436133,-0.3443243239800151,2,Corporate,8346.1602,1,16/1/2020
Logan Haushalter,-1.1392752408162845,0.2051444565500494,0.5375873899711946,0,Corporate,4324.7060625,8,7/2/2019
Lona Radford,1.1442152073957206,-0.6560251190436133,-0.6620877851543258,2,Consumer,107.3856,1,18/3/2019
Lugen Donell,-1.127319793443447,-0.6560251190436133,-0.6663597262100003,0,Home Office,95.68,1,23/10/2021
Luke Foster,-1.1679683145110948,-0.2869524437891864,-0.0521065637701332,0,Corporate,6165.577975,4,9/11/2021
Luke Weiss,-1.3377356672053906,-0.4099766688739953,-0.2764529188908781,0,Small Business,388.0228666666667,3,19/1/2022
Luzen McCrida,1.851977691867713,-0.6560251190436133,-0.5200901592844936,2,Corporate,496.47510000000005,1,26/5/2018
Lycoris Saunders,-0.3215226405141841,0.3281686816348583,-0.1017103626601767,0,Corporate,182.54254444444445,9,30/7/2020
Lyna Chang,-0.8284336091225035,-0.6560251190436133,-0.6906772660178321,0,Corporate,29.0472,1,20/6/2021
Lynn Smith,0.0993091070097036,0.2051444565500494,-0.1624423169156907,0,Home Office,184.5588125,8,4/5/2018
Macc Creighton,0.6373042387874012,-0.6560251190436133,-0.68502231616085,2,Corporate,44.5424,1,16/10/2019
Macc Crier,-1.2707851619174992,-0.6560251190436133,-0.68129867371798,0,Corporate,54.7456,1,22/12/2021
Macca Stiss,-0.6777949722247483,-0.6560251190436133,-0.6952052549347578,0,Small Business,16.64,1,18/4/2021
Mack Vonner,-0.5247652458524255,-0.6560251190436133,-0.6737721950097036,0,Corporate,75.36899999999999,1,13/2/2021
Magdelene Morse,-0.6849682406484509,0.9432898070589032,1.4010093535768688,1,Home Office,1223.8652785714287,14,28/9/2020
Magdelene Mosse,0.6946903861770223,-0.6560251190436133,-0.6786503155088476,2,Corporate,62.0024,1,22/9/2019
Marc Crier,-1.1225376144943116,0.9432898070589032,0.1633450477600623,0,Corporate,169.22604285714286,14,21/10/2021
Maria Bertelson,-0.4865078142593447,0.5742171318044763,0.0506646465395418,0,Home Office,187.30978181818182,11,4/9/2018
Maria Zettner,-0.9814633354948264,-0.2869524437891864,-0.3458051754717464,0,Consumer,243.5089,4,28/7/2019
Marian Bern,0.84293793360021,-0.6560251190436133,-0.6941912820474999,2,Home Office,19.4184,1,22/7/2019
Mariart Ferne,-1.242092088222689,-0.6560251190436133,-0.6633328434260538,0,Consumer,103.974,1,10/12/2021
Maribeth Dona,-0.8906019354612598,-0.5330008939588043,-0.2626085613918074,0,Small Business,681.9457,2,26/9/2018
Marina Lichtensneick,1.1298686705483154,-0.6560251190436133,-0.6686743755190072,2,Consumer,89.3376,1,24/3/2019
Marina Lichtenstein,1.5793934917670136,-0.6560251190436133,-0.5910437003591072,2,Small Business,302.0544,1,17/9/2018
Mark Hanes,0.7186012809226977,-0.6560251190436133,-0.4501029288242199,2,Home Office,688.2479999999999,1,12/9/2019
Mark Packer,-1.3162158619342823,-0.5330008939588043,-0.4451166740872072,0,Consumer,350.95545,2,11/8/2019
Mark Van Huff,1.273334039022368,-0.4099766688739953,-0.273877586874785,2,Small Business,5563.221799999999,3,23/1/2019
MaryBeth Skach,-1.383166367222174,-0.5330008939588043,-0.3182670017261223,0,Small Business,6967.039100000001,2,7/2/2022
Mathew Reese,1.199210265310774,-0.5330008939588043,-0.3012285785394005,2,Consumer,1138.91775,2,3/2/2019
Matt Collister,-1.292304967188607,1.558410932482948,1.602190201791167,1,Corporate,430.7313052631579,19,31/12/2021
Matt Connell,-1.2014435671550403,-0.5330008939588043,-0.2914183251644517,0,Corporate,1389.9114000000002,2,23/11/2021
Matthew Clasen,-1.0484138407827177,1.435386707398139,1.556801594466455,1,Small Business,565.27395,18,30/6/2021
Matthew Grinstein,-1.213399014527878,0.6972413568892852,-0.2920462555379817,0,Small Business,93.44509166666666,12,28/11/2021
Maureen Gastineau,-0.9432059039017456,-0.6560251190436133,-0.5568284655178949,0,Corporate,395.808,1,7/8/2021
Maurice Satty,-1.2755673408666344,0.4511929067196673,0.1477947020451927,0,Consumer,259.84716,10,26/11/2019
Max Engle,0.0251853332981097,-0.5330008939588043,-0.5663066157660784,0,Small Business,184.9184,2,28/6/2020
Max Jonel,1.6798192496988504,-0.6560251190436133,-0.6890893021440065,2,Consumer,33.398399999999995,1,6/8/2018
Max Jones,-1.383166367222174,0.8202655819740942,0.3172343012384342,0,Corporate,214.6798846153846,13,7/2/2022
Maxwell Schwartz,-0.1254533035996455,-0.5330008939588043,-0.6341372561087762,0,Small Business,91.98660000000001,2,30/8/2020
May Stewart,1.5435271496485006,-0.6560251190436133,-0.3443243239800151,2,Corporate,8471.4756,1,2/10/2018
Maya Herman,0.4221061860763221,0.6972413568892852,2.5573285019980285,1,Corporate,1688.3750583333333,12,7/1/2019
Meal Prost,1.4813588233097443,-0.6560251190436133,-0.3443243239800151,2,Corporate,1099.5633,1,28/10/2018
Melan DeCherney,-0.2354434194297525,-0.6560251190436133,-0.6961278447198816,0,Home Office,14.111999999999998,1,15/10/2020
Melanie Page,0.9720567652268574,-0.6560251190436133,-0.6098627802228767,2,Consumer,250.488,1,29/5/2019
Michael Chel,-0.3669533405309675,-0.6560251190436133,-0.6637247981053349,0,Corporate,102.9,1,9/12/2020
Michael Grace,1.5554825970213382,-0.1639282187043774,-0.3240554132462451,2,Small Business,206.72647999999998,5,27/9/2018
Michael Granlund,1.5913489391398514,-0.6560251190436133,-0.6843008859839383,2,Small Business,46.5192,1,12/9/2018
Michael Kennody,-0.5247652458524255,-0.6560251190436133,-0.5143964154029236,0,Corporate,512.0766,1,13/2/2021
Michael Nguyen,0.627739880889131,-0.5330008939588043,-0.6411941920885952,2,Consumer,82.31819999999999,2,29/1/2019
Michael Oakman,-0.3023939247176438,5.372161910112025,4.079921196351012,1,Consumer,810.4840260000002,50,7/1/2020
Michael Paige,-1.1870970303076351,-0.0409039936195684,0.3757260921719444,0,Corporate,629.5208333333333,6,4/4/2020
Michael Stewart,-0.9336415460034756,-0.5330008939588043,-0.2613240886830567,0,Home Office,2296.6864,2,3/8/2021
Michelle Arnett,-0.9455969933763132,-0.6560251190436133,-0.6694758024051354,0,Corporate,87.14160000000001,1,8/8/2021
Michelle Huthwait,-1.3640376514256336,-0.6560251190436133,-0.3443243239800151,0,Corporate,5708.851199999999,1,30/1/2022
Michelle Huthwaite,-0.9169039196815028,-0.4099766688739953,-0.6205335091497894,0,Corporate,73.74966666666666,3,29/6/2020
Michelle Lonsdale,0.1519130754501896,-0.2869524437891864,0.0754152342267358,0,Consumer,1205.7599,4,6/5/2020
Michelle Moray,-0.7256167617160991,1.1893382572285212,1.4746828192596904,1,Small Business,2002.76724375,16,8/5/2021
Mick Barreto,-1.1536217776636897,-0.6560251190436133,-0.3556466684375206,0,Consumer,947.0688,1,3/11/2021
Mick Brown,1.997834149816334,-0.2869524437891864,-0.4827269882448864,2,Corporate,149.7136,4,26/3/2018
Mick Crebagga,1.567438044394176,-0.6560251190436133,-0.6662779777480273,2,Corporate,95.904,1,22/9/2018
Mickael Khring,0.0467051385692176,-0.6560251190436133,-0.4782763684080423,0,Small Business,611.0495999999999,1,19/6/2020
Mihch Gernen,1.7324232181393364,-0.6560251190436133,-0.3842939571419935,2,Home Office,868.572,1,15/7/2018
Mike Gockenbach,0.1088734649079738,1.804459382652566,0.6125252561957644,1,Consumer,294.5626809523809,21,7/7/2019
Mike Kennedy,-1.0627603776301229,2.9116774084158465,3.31503189478626,1,Consumer,2058.7529633333334,30,7/4/2019
Mike Konness,1.7324232181393364,-0.6560251190436133,-0.6262329097329693,2,Home Office,205.632,1,15/7/2018
Mike Vittorini,-0.022636456193241,-0.6560251190436133,-0.48398956404418,0,Small Business,595.3948,1,18/7/2020
Miklet Nandell,0.2714675491785668,-0.6560251190436133,-0.6965237408428652,2,Small Business,13.0272,1,17/3/2020
Miran Bettner,1.1226954021246127,-0.6560251190436133,-0.4912778773672618,2,Home Office,575.424,1,27/3/2019
Miran Jacobs,2.028918312985712,-0.6560251190436133,-0.6721980261888362,2,Corporate,79.68239999999999,1,13/3/2018
Mitch Gaftin,1.8806707655625243,-0.6560251190436133,-0.5203803298296488,2,Small Business,495.68,1,14/5/2018
Mitch Gastineau,1.7682895602578497,-0.1639282187043774,0.1425524359417779,2,Corporate,510.15558,5,30/6/2018
Mitch Webber,-0.1661018246672937,0.3281686816348583,0.372294372026986,0,Home Office,2495.1289555555554,9,3/7/2019
Molie Backet,0.8309824862273723,-0.6560251190436133,-0.6791883955639056,2,Home Office,60.528000000000006,1,27/7/2019
Mone Answer,0.5966557177197529,-0.6560251190436133,-0.6212666906681097,2,Small Business,219.24,1,2/11/2019
Monica Federle,-1.2636118934937963,2.296556282991802,2.241378542864951,1,Corporate,458.64324400000004,25,30/6/2019
Muga Zarlton,0.70664583354986,-0.6560251190436133,-0.6746571951002596,2,Home Office,72.94399999999999,1,17/9/2019
Muhammed Yedwab,-1.3018693250868774,-0.1639282187043774,0.0523545040320407,0,Small Business,976.0232,5,4/1/2022
Muria Zettner,-1.2731762513920668,-0.5330008939588043,-0.6404479454142988,0,Consumer,83.3406,2,23/12/2021
Murichelle Moray,1.022269644192776,-0.6560251190436133,-0.6825267983797279,2,Home Office,51.3804,1,8/5/2019
Muth Yarre,1.1824726389888014,-0.6560251190436133,-0.6546092606777603,2,Corporate,127.8776,1,2/3/2019
Nancy Lomonaco,1.6224331023092295,0.9432898070589032,0.6563052070672137,2,Small Business,285.15126428571426,14,9/8/2018
Nara Carroll,1.8687153181896865,-0.6560251190436133,-0.6958440607733183,2,Corporate,14.8896,1,19/5/2018
Nara Price,1.4694033759369065,-0.6560251190436133,-0.4572139501703978,2,Consumer,668.763,1,2/11/2018
Naresj Patel,-1.1034088986977713,2.1735320579069928,0.9389870091879456,1,Small Business,772.1040583333333,24,7/9/2020
Nat Carroll,0.1423487175519194,-0.2869524437891864,-0.1522318245307161,0,Home Office,376.1121,4,2/5/2018
Nat Gilpin,1.2948538442934758,-0.5330008939588043,-0.631797936281781,2,Small Business,95.1916,2,14/1/2019
Natalie Webber,2.0265272235111444,-0.4099766688739953,-0.1606733385903535,2,Home Office,1343.9430666666667,3,26/2/2018
Nathan Gauner,-0.5486761405981009,-0.6560251190436133,-0.5706081906392182,0,Corporate,358.05,1,23/2/2021
Nathan Gelder,-1.0340673039353123,-0.4099766688739953,-0.2961095190465306,0,Consumer,1012.8287333333333,3,14/9/2021
Nathan Geldres,0.065833854365758,-0.6560251190436133,-0.6623146371363008,0,Small Business,106.764,1,11/6/2020
Nathan Mautz,0.0897447491114334,0.5742171318044763,0.999543386724463,0,Consumer,2010.7210545454545,11,4/6/2019
Neil French,-0.0274186351423761,-0.1639282187043774,-0.106070475271265,0,Corporate,398.94223999999997,5,28/8/2018
Neil Knudson,-0.8164781617496658,3.157725858585464,5.118012106076762,1,Home Office,1582.113428125,32,5/6/2018
Nick Crebassa,-0.6227999143096947,-0.6560251190436133,-0.6272476125172092,0,Small Business,202.8516,1,26/3/2021
Nick Zandusky,1.304418202191746,1.066314032143712,1.5014779213828893,1,Home Office,892.5995933333332,15,29/7/2018
Nicole Brennan,-1.127319793443447,0.9432898070589032,0.9854853518839406,1,Small Business,1365.6965214285715,14,3/3/2020
Nicole Hansen,0.5464428387538345,-0.6560251190436133,-0.3443243239800151,2,Corporate,6172.3904,1,23/11/2019
Nivek Grady,-0.8140870722750982,-0.6560251190436133,-0.6821400989587163,0,Corporate,52.43999999999999,1,14/6/2021
Noah Childs,1.9213192866301725,-0.1639282187043774,-0.1137009278046132,2,Consumer,4305.4785600000005,5,27/4/2018
Noel Staavos,-0.4865078142593447,-0.1639282187043774,-0.5165223133524106,0,Corporate,101.25028,5,28/1/2021
Nona Balk,-0.0871958720065648,-0.5330008939588043,-0.3166223248568031,0,Small Business,3643.4433,2,14/8/2020
Nora Paige,-0.8045227143768281,1.6814351575677569,1.2938366090023825,1,Home Office,933.39712,20,4/6/2020
Nora Pelletier,-0.0824136930574297,-0.1639282187043774,-0.3703443120032835,0,Consumer,181.35912,5,2/8/2020
Nora Price,-1.2636118934937963,2.5426047331614194,1.9488943337618256,1,Small Business,318.6213,27,19/12/2021
Norah Price,-0.0776315141082946,-0.6560251190436133,-0.6447182806966132,0,Consumer,154.98,1,10/8/2020
Odella Nelson,-1.0555871092064202,0.2051444565500494,-0.4249295118154102,0,Consumer,94.65324999999999,8,4/9/2019
Olvera Toch,-0.3908642352766429,1.6814351575677569,0.5422352644673977,1,Corporate,170.368325,20,19/12/2020
Otrick Jones,0.6612151335330766,-0.6560251190436133,-0.6657358102698707,2,Corporate,97.3896,1,6/10/2019
Pamela Coakley,0.9816211231251276,-0.5330008939588043,-0.099502132331131,2,Corporate,2099.381,2,25/5/2019
Pamela Stobb,0.2977695333988098,0.4511929067196673,0.7991973946780645,0,Consumer,2468.6452400000003,10,6/3/2020
Panelope Sewall,1.6965568760208234,-0.6560251190436133,-0.6863530643382533,2,Corporate,40.896,1,30/7/2018
Parrica Meson,1.2709429495478004,-0.6560251190436133,-0.3443243239800151,2,Home Office,2749.271,1,24/1/2019
Parrick Blostek,-1.1249287039688791,-0.6560251190436133,-0.6705872895291753,0,Corporate,84.09599999999999,1,22/10/2021
Patrick Bzostek,-1.127319793443447,-0.2869524437891864,-0.5470058403891029,0,Corporate,105.680775,4,23/10/2021
Patrick Gardner,-0.4960721721576149,-0.0409039936195684,-0.297085281826786,0,Corporate,184.58893333333333,6,1/2/2021
Patrick Gardun,-1.3736020093239036,-0.6560251190436133,-0.6763569791917123,0,Home Office,68.2864,1,3/2/2022
Patrick Gradz,-1.2612208040192292,-0.6560251190436133,-0.6710888747351382,0,Corporate,82.7216,1,18/12/2021
Patrick Groys,-0.7590920143600448,-0.6560251190436133,-0.3443243239800151,0,Corporate,5649.383999999999,1,22/5/2021
Patrick Jones,-1.1368841513417167,3.772846984009509,2.6339698747886584,1,Home Office,700.2778675675676,37,27/10/2021
Patrick Junes,1.194428086361639,-0.6560251190436133,-0.589863019001183,2,Home Office,305.2896,1,25/2/2019
Patrick OBrill,-1.256438625070094,2.5426047331614194,4.96639666417126,1,Home Office,1516.084725925926,27,4/10/2019
Patrick ODonnell,-1.3257802198325528,1.1893382572285212,1.1662041951179063,1,Corporate,452.28006875,16,8/1/2022
Patrick Ryan,0.0108387964507045,-0.0409039936195684,0.3719346422994559,0,Corporate,1099.0963,6,4/7/2020
Patt Bawkins,-0.6993147774958561,-0.6560251190436133,-0.3443243239800151,0,Small Business,28199.53,1,27/4/2021
Paul Knutson,-1.3783841882730388,0.6972413568892852,2.6570815517926905,1,Small Business,4478.178633333333,12,5/2/2022
Paul Lucas,1.7826360971052548,0.2051444565500494,-0.2855887474545496,2,Consumer,142.379425,8,24/6/2018
Paul MacIntyre,-1.1440574197654194,0.2051444565500494,0.5959189685171775,0,Consumer,957.2697625,8,30/11/2020
Paul Prost,0.2379922965346212,0.0821202314652404,-0.0953093850979928,0,Corporate,948.3139714285714,7,31/3/2020
Pauline Chand,-1.2110079250533106,0.8202655819740942,1.7137679476411285,1,Home Office,1181.6479692307691,13,27/11/2021
Pauline Chring,-1.1751415829347975,-0.6560251190436133,-0.6145951402947349,0,Home Office,237.5208,1,12/11/2021
Pauline Webber,0.1662596122975949,0.3281686816348583,0.550197382189322,0,Small Business,4136.750255555557,9,30/4/2020
Peel Damper,0.2021259544161081,-0.6560251190436133,-0.5866643184676967,0,Corporate,314.0544,1,15/4/2020
Peel Thomas,1.194428086361639,-0.6560251190436133,-0.6537455005893777,2,Corporate,130.2444,1,25/2/2019
Peilin Ludson,1.194428086361639,-0.6560251190436133,-0.6753341015612753,2,Small Business,71.0892,1,25/2/2019
Penelo Stobber,2.024136134036577,-0.6560251190436133,-0.3443243239800151,2,Consumer,1065.1328,1,15/3/2018
Penelope Sewall,0.1303932701790817,-0.4099766688739953,-0.5531813892684264,0,Home Office,135.26713333333333,3,15/5/2020
Penelope Sewart,0.1303932701790817,-0.6560251190436133,-0.3443243239800151,0,Corporate,4319.904,1,15/5/2020
Perel Freme,1.1274775810737478,-0.6560251190436133,-0.6867610037614382,2,Corporate,39.7782,1,25/3/2019
Pester Thompr,0.9553191389048844,-0.6560251190436133,-0.6720529226688341,2,Corporate,80.08,1,5/6/2019
Pete Armstrong,-0.9671167986474212,2.6656289582462285,2.008945951040509,1,Home Office,523.1556928571429,28,6/12/2020
Peter Buhler,-0.7758296406820175,-0.5330008939588043,-0.3279068971454952,0,Home Office,1208.6232,2,29/5/2021
Peter Fuller,-0.2976117457685087,-0.2869524437891864,-0.6047889743428847,0,Corporate,66.0977,4,23/12/2019
Peter McVee,0.1782150596704326,0.2051444565500494,1.1809455230180363,0,Corporate,6201.04925,8,25/4/2020
Peuline Chand,1.199210265310774,-0.6560251190436133,-0.6970434274939792,2,Corporate,11.6032,1,23/2/2019
Philip Brown,-0.0417651719897814,3.895871209094318,1.5983237550037874,1,Corporate,520.833552631579,38,27/7/2019
Philip Fox,-0.8595177722918816,-0.4099766688739953,-0.306693755181088,0,Small Business,440.0242666666666,3,3/7/2021
Phillip Flathmann,-0.1206711246505104,2.9116774084158465,2.22806332418291,1,Home Office,1096.5146966666666,30,28/8/2020
Phillip Flatsman,-0.6299731827333974,-0.6560251190436133,-0.6679806814274077,0,Consumer,91.2384,1,29/3/2021
Pres Peremoti,0.8644577388713178,-0.6560251190436133,-0.6746141311783274,2,Consumer,73.062,1,13/7/2019
Pyer Kendd,-0.8523445038681791,-0.6560251190436133,-0.648345868696665,0,Corporate,145.04,1,30/6/2021
Quincy Jones,-0.983854424969394,0.5742171318044763,1.943216063696272,1,Home Office,2893.425509090909,11,8/5/2021
Ralph Arnett,0.3479824123647282,-0.6560251190436133,-0.6612723442461451,2,Consumer,109.62,1,14/2/2020
Ralph Knight,-0.5199830669032903,-0.4099766688739953,-0.2361576421904241,0,Consumer,480.74379999999996,3,29/3/2019
Randy Ferguson,-0.1924038088875367,-0.2869524437891864,-0.5505641246707231,0,Corporate,103.24324999999999,4,27/9/2020
Ray Carlisle,-0.7662652827837474,-0.6560251190436133,-0.6327005268896008,0,Home Office,187.91,1,25/5/2021
Raymond Book,-0.0800226035828621,-0.1639282187043774,-0.544852388828549,0,Corporate,85.72476,5,12/7/2019
Raymond Fair,-1.014938588138772,0.4511929067196673,-0.0947879831889712,0,Corporate,151.07736363636366,10,7/9/2019
Renkel Kennedy,-0.0369829930406463,-0.6560251190436133,-0.6729981392603969,0,Small Business,77.49,1,24/7/2020
Resan Morkmat,1.646343997054905,-0.6560251190436133,-0.6961095972953341,2,Small Business,14.162,1,20/8/2018
Ricardo Emerson,-0.1637107351927262,-0.6560251190436133,-0.6734741780719932,0,Consumer,76.1856,1,15/9/2020
Richard Bierner,-1.0531960197318528,0.5742171318044763,0.7277769020092792,0,Home Office,1496.715290909091,11,22/9/2021
Rick Duston,1.160952833717693,0.6972413568892852,1.1549541104616092,2,Home Office,1300.8447666666668,12,31/5/2018
Rick Han,2.074349013002496,-0.6560251190436133,-0.3443243239800151,2,Small Business,13715.2029,1,22/2/2018
Rick Hansen,-1.371210919849336,3.526798533839892,5.50053994686765,1,Corporate,1734.8512457142856,35,7/3/2021
Rick Reed,2.0791311919516304,-0.1639282187043774,-0.2299497588748023,2,Corporate,1147.56144,5,20/2/2018
Rick Wilson,-1.146448509239987,-0.4099766688739953,-0.6688607912081849,0,Consumer,29.608933333333336,3,31/10/2021
Rick Wissen,-0.5486761405981009,-0.6560251190436133,-0.3443243239800151,0,Corporate,1012.2112,1,23/2/2021
Rick Zandusky,-1.335344577730823,-0.6560251190436133,-0.6919919564616335,0,Small Business,25.4448,1,18/1/2022
Ritsa Hightower,-1.2205722829515808,1.927483607737375,2.4409420488519014,1,Home Office,2870.7107363636364,22,8/5/2019
Rob Haberlin,1.5841756707161487,0.4511929067196673,0.2340267751986156,2,Home Office,407.33471999999995,10,4/9/2018
Robert Barroso,0.5105764966353213,-0.2869524437891864,-0.1241758618661308,2,Consumer,2494.2916999999998,4,8/12/2019
Robert Gastini,-0.0130720982949709,-0.6560251190436133,-0.6631878858854481,0,Consumer,104.3712,1,14/7/2020
Robert Marley,-0.5749781248183439,-0.2869524437891864,-0.6263733419122872,0,Home Office,51.311800000000005,4,6/3/2021
Robert Martin,1.3355023653611242,-0.6560251190436133,-0.6658921542033941,2,Consumer,96.9612,1,28/12/2018
Roger Demir,-0.395646414225778,-0.4099766688739953,-0.5290268354566534,0,Consumer,157.32920000000001,3,22/10/2019
Roland Black,-1.3759930987984712,-0.2869524437891864,0.1662643437288765,0,Corporate,2521.2396,4,4/2/2022
Roland Breen,1.488532091733447,-0.6560251190436133,-0.6596884677954182,2,Corporate,113.96,1,25/10/2018
Roland Murray,-1.2110079250533106,0.0821202314652404,0.1864503381655025,0,Corporate,371.46070000000003,7,31/3/2019
Rose OBrian,-0.7519187459363421,-0.5330008939588043,-0.6811842258712179,0,Consumer,27.529600000000002,2,19/5/2021
Roy Collins,-0.7303989406652343,3.280750083670273,1.1391812191569577,1,Home Office,517.1501545454546,33,6/9/2020
Roy Phan,-1.1536217776636897,1.31236248231333,0.283627836974977,0,Corporate,158.75017647058823,17,6/12/2019
Roy Skaria,-0.5391117826998307,2.6656289582462285,2.522396727289683,1,Small Business,516.7889250000001,28,6/10/2018
Roy Skariaili,1.000749838921668,-0.6560251190436133,-0.5451793096867429,2,Small Business,427.728,1,17/5/2019
Roynn Steel,-0.1087156772776727,-0.6560251190436133,-0.598618279278491,0,Corporate,281.2992,1,23/8/2020
Ruben Ausman,0.7544676230412108,-0.1639282187043774,-0.2437932404974948,2,Home Office,250.71196,5,28/8/2019
Ruben Dartt,-0.6323642722079649,-0.4099766688739953,-0.6621840585662386,0,Consumer,35.70726666666667,3,30/3/2021
Ryan Crowe,-1.177532672409365,-0.6560251190436133,-0.3443243239800151,0,Corporate,1179.936,1,13/11/2021
Rycoris Saunders,-0.0513295298880516,-0.6560251190436133,-0.4566385723795646,0,Small Business,670.3396,1,30/7/2020
Sally Knutson,-1.2851316987649046,1.066314032143712,0.9518749096819324,1,Small Business,1722.7500599999998,15,31/8/2020
Sam Craven,0.6110022545671582,0.3281686816348583,-0.0139174778006548,2,Small Business,525.8506666666667,9,27/10/2019
Samah Collister,-1.127319793443447,-0.6560251190436133,-0.6775872935444059,0,Small Business,64.9152,1,23/10/2021
Samah Foster,1.419190496970988,-0.6560251190436133,-0.4486423319737363,2,Home Office,692.2502,1,23/11/2018
Samath Foster,-1.2755673408666344,-0.6560251190436133,-0.3443243239800151,0,Corporate,981.9712,1,24/12/2021
Sand Connell,0.1375665386027843,-0.6560251190436133,-0.3443243239800151,0,Home Office,1244.1619999999998,1,12/5/2020
Sandra Flanagan,-0.6227999143096947,-0.5330008939588043,0.0126293498641502,0,Small Business,2304.5941000000003,2,26/3/2021
Sandra Gilles,1.194428086361639,-0.6560251190436133,-0.6935667821897847,2,Corporate,21.1296,1,25/2/2019
Sandra Glassco,0.3384180544664581,2.788653183331037,1.1337919153065386,1,Home Office,310.8344758620689,29,9/2/2020
Sanjety Skaria Arntzen,1.545918239123068,-0.6560251190436133,-0.4397168962150978,2,Home Office,716.7069,1,1/10/2018
Sanjit Engle,1.2183389811073144,-0.6560251190436133,-0.5873229775041648,2,Small Business,312.2496,1,15/2/2019
Sanjit Jacobs,0.6612151335330766,0.3281686816348583,0.1907403806663283,2,Corporate,642.8482444444445,9,6/10/2019
Saphhira Shifley,-1.3066515040360125,3.4037743087550822,5.349607031629924,1,Corporate,2191.6432916666668,34,7/1/2019
Sara Crown,0.144739807026487,-0.6560251190436133,-0.6432606034340572,0,Small Business,158.9742,1,9/5/2020
Sara Luxemburg,-0.9575524407491508,1.066314032143712,1.8413589033770328,1,Consumer,745.4643466666668,15,4/7/2018
Sarah Bern,-0.6132355564114246,-0.4099766688739953,-0.3323450357439488,0,Corporate,522.6415333333333,3,9/9/2020
Sarah Brown,0.4388438123982949,-0.5330008939588043,-0.6115759944187965,2,Home Office,122.8968,2,7/1/2020
Sarah Foster,-0.4028196826494806,-0.0409039936195684,0.0973181288390401,0,Corporate,719.44785,6,24/12/2020
Sarah Jordon,1.2661607705986653,-0.5330008939588043,-0.4984967774873648,2,Home Office,277.8217,2,26/1/2019
Sashan Harsten,2.0265272235111444,-0.6560251190436133,-0.3443243239800151,2,Corporate,2547.828,1,14/3/2018
Scot Coram,-0.5510672300726684,-0.4099766688739953,-0.5606907153976282,0,Corporate,128.40833333333333,3,25/2/2020
Scot Wooten,1.8806707655625243,-0.4099766688739953,-0.0707618547511638,2,Small Business,811.4019,3,14/5/2018
Scott Cohen,-0.7184434932923965,0.8202655819740942,0.9574410675710656,1,Home Office,777.0471307692309,13,5/5/2021
Sean OBonnell,0.0586605859420554,-0.6560251190436133,-0.6898040172686848,0,Consumer,31.44,1,14/6/2020
Sean ODonnell,-1.127319793443447,2.1735320579069928,2.052913302962062,1,Corporate,419.00251199999997,24,7/3/2018
Sean Wendt,2.0839133709007656,0.3281686816348583,0.6335704123697868,2,Small Business,2548.0381666666667,9,18/2/2018
Senliston,0.3814576650086739,-0.6560251190436133,-0.6385105068655388,2,Home Office,171.99,1,31/1/2020
Seth Vernon,1.6798192496988504,-0.6560251190436133,-0.6642071140309757,2,Consumer,101.5784,1,6/8/2018
Shahid Collister,-0.6921415090721535,-0.1639282187043774,-0.3867849495618279,0,Small Business,143.6244,5,24/4/2021
Shahid Hopkins,-0.3143493720904815,0.2051444565500494,-0.0053249480554619,0,Corporate,238.373725,8,24/10/2020
Shahid Sharia Bard,-1.1536217776636897,-0.6560251190436133,-0.603092255818756,0,Home Office,269.04,1,3/11/2021
Shahid Shariari,-1.151230688189122,0.3281686816348583,-0.1433901809456,0,Small Business,169.85283333333334,9,27/12/2019
Shaun Weien,-0.8236514301733685,0.6972413568892852,0.1926662868427743,0,Corporate,426.3994,12,5/5/2021
Sheri Gordon,-1.1536217776636897,-0.0409039936195684,-0.3680717412552833,0,Small Business,152.17045,6,3/11/2021
Shirley Schmidt,-0.7280078511906667,-0.5330008939588043,-0.346942208990153,0,Home Office,485.46000000000004,2,9/5/2021
Shui Tom,1.854368781342281,-0.6560251190436133,-0.4939856491907209,2,Corporate,568.0044,1,25/5/2018
Sibella Parks,0.1232200017553791,0.8202655819740942,0.4137553307023862,0,Small Business,235.0243846153846,13,4/5/2018
Sill Knudson,1.8280667971220383,-0.6560251190436133,-0.5297595060470863,2,Consumer,469.98,1,5/6/2018
Silt French,1.199210265310774,-0.6560251190436133,-0.5604183543388315,2,Consumer,385.9713,1,23/2/2019
Skye Norling,1.6367796391566347,-0.5330008939588043,-0.5673720463905604,2,Corporate,183.4587,2,24/8/2018
Sonia Sunley,-0.7399632985635044,0.2051444565500494,-0.4002058573268483,0,Small Business,103.12145,8,24/7/2019
Staviel Brown,0.4149329176526195,-0.6560251190436133,-0.6305339006885236,2,Consumer,193.8468,1,17/1/2020
Stefania Perrino,0.0275764227726773,0.2051444565500494,-0.3375041665811251,0,Small Business,124.5976625,8,27/6/2020
Stel Carroll,-0.0800226035828621,-0.6560251190436133,-0.662992127514902,0,Consumer,104.9076,1,11/8/2020
Stepha Foles,-0.2306612404806174,-0.6560251190436133,-0.6372919438542538,0,Small Business,175.329,1,13/10/2020
Stephanie Ulpright,-1.1655772250365273,0.0821202314652404,-0.4259969131617433,0,Home Office,107.75731428571429,7,8/11/2021
Steve Carroll,-0.0800226035828621,0.0821202314652404,-0.1403633711513516,0,Consumer,219.56704285714287,7,29/12/2018
Steve Chapman,1.0987845073789373,-0.4099766688739953,-0.5789258046861778,2,Consumer,111.75293333333333,3,6/4/2019
Steve Nguyen,-1.277958430341202,2.4195805080766104,1.2034563488265666,1,Home Office,1021.1884538461538,26,26/7/2021
Steven Cartwright,-0.5725870353437763,-0.4099766688739953,-0.5140927052687543,0,Corporate,170.96959999999999,3,5/3/2021
Stra Carroll,1.6654727128514453,-0.6560251190436133,-0.570349807107625,2,Home Office,358.758,1,12/8/2018
Stuart Van,-0.6945325985467211,-0.6560251190436133,-0.6648975965758547,0,Corporate,99.6864,1,25/4/2021
Sue Ann Reed,-0.4649880089882368,-0.0409039936195684,-0.0651817558296757,0,Corporate,290.4959,6,19/1/2021
Sung Chung,-1.335344577730823,-0.0409039936195684,-0.4950572839395492,0,Corporate,94.178,6,29/10/2018
Sung Shariari,-0.952770261800016,1.435386707398139,0.895057356445508,1,Home Office,1541.448011111111,18,29/3/2021
Susan MacKendrick,1.2326855179547198,-0.6560251190436133,-0.6997749939590483,2,Corporate,4.1184,1,9/2/2019
Susan Manchtan,0.3718933071104037,-0.6560251190436133,-0.6195674904942424,2,Home Office,223.896,1,4/2/2020
Susan Pistek,-0.8571266828173141,0.0821202314652404,-0.5891526832583962,0,Corporate,43.89085714285714,7,2/7/2021
Susan Vittorini,-0.022636456193241,0.2051444565500494,0.2430184491083616,0,Consumer,576.785025,8,18/7/2020
Suzanne McNair,0.1590863438738922,-0.2869524437891864,-0.2366801389449185,0,Small Business,5310.497925000001,4,3/5/2020
Suzben Tis Leighton,-0.3597800721072648,-0.6560251190436133,-0.6717341036671394,0,Home Office,80.9536,1,6/12/2020
Sylvia Foulston,-1.2277455513752835,1.804459382652566,3.028447114534204,1,Corporate,2551.9879857142855,21,8/10/2021
Sylvie Gour,-0.0824136930574297,-0.6560251190436133,-0.689345058046465,0,Corporate,32.6976,1,12/8/2020
Taby Knight,-0.6204088248351272,-0.6560251190436133,-0.3443243239800151,0,Small Business,9137.4492,1,25/3/2021
Tamara Chand,0.065833854365758,0.0821202314652404,-0.0043912638362132,0,Small Business,272.7926,7,11/6/2020
Tamara Dahlen,0.0227942438235422,-0.5330008939588043,-0.6700919814372568,0,Corporate,42.726600000000005,2,29/6/2020
Tamara Dhonney,1.5578736864959055,-0.6560251190436133,-0.6469193580352361,2,Home Office,148.9488,1,26/9/2018
Tamara Laus,1.247032054802125,-0.6560251190436133,-0.5785684471238388,2,Home Office,336.238,1,3/2/2019
Tamara Willingham,-0.4649880089882368,1.31236248231333,0.0484700287892086,0,Home Office,120.84671176470589,17,5/6/2019
Tamara Wizlingham,1.4861410022588797,-0.6560251190436133,-0.5288201286313787,2,Home Office,472.5540000000001,1,26/10/2018
Tanja Norvell,-1.1321019723925818,0.5742171318044763,0.838912512762454,0,Corporate,545.1191363636364,11,9/10/2019
Tara Carroll,1.8687153181896865,-0.6560251190436133,-0.4287449023089053,2,Consumer,746.7713999999999,1,19/5/2018
Thaas Sissman,2.0097895971891715,-0.6560251190436133,-0.6986658425053505,2,Corporate,7.1576,1,21/3/2018
Thacy Poddar,0.3025517123479449,-0.6560251190436133,-0.6966673845689034,2,Consumer,12.6336,1,4/3/2020
Thais Sissman,-0.7758296406820175,2.4195805080766104,1.0584425331635727,1,Home Office,205.05380384615384,26,29/5/2021
Thea Hendricks,-1.1010178092232037,0.8202655819740942,0.7286817917925921,0,Corporate,912.1925461538461,13,7/7/2021
Thea Hudgings,-0.6467108090553702,0.6972413568892852,0.1669569429750032,0,Corporate,198.25513333333333,12,9/5/2018
Theone Pipen,2.0671757445787926,-0.6560251190436133,-0.6660020766888685,2,Small Business,96.66,1,25/2/2018
Theone Pippenger,0.4771012439913757,-0.0409039936195684,-0.5063489727238148,2,Consumer,89.02125000000001,6,22/12/2019
Theones,-1.242092088222689,-0.5330008939588043,-0.5951874715047599,0,Corporate,145.35,2,11/2/2021
Theresa Coyne,-1.2588297145446616,-0.1639282187043774,-0.5621002194593786,0,Consumer,76.27256,5,17/12/2021
Theresa Swint,-1.383166367222174,-0.6560251190436133,-0.6780707773052177,0,Home Office,63.5904,1,7/2/2022
Thomas Boland,0.1040912859588387,2.296556282991802,1.1082828551706014,1,Consumer,286.919152,25,26/5/2020
Thomas Thornton,-0.689750419597586,0.3281686816348583,-0.0094110938343934,0,Small Business,817.3066666666667,9,23/4/2021
Thurra Ners,0.3742843965849712,-0.6560251190436133,-0.5385975366421419,2,Corporate,445.7628,1,3/2/2020
Tim Taslimi,0.4627547071439704,-0.4099766688739953,-0.1750509953192508,2,Corporate,480.6404333333333,3,28/12/2019
Toby Carlisle,-0.6945325985467211,-0.0409039936195684,0.2648574047450514,0,Corporate,3056.9068833333336,6,25/4/2021
Toby Carlislo,-0.7543098354109097,-0.6560251190436133,-0.3610186372346193,0,Small Business,932.349,1,20/5/2021
Toby Gondweld,1.6367796391566347,-0.6560251190436133,-0.691161625655022,2,Home Office,27.72,1,24/8/2018
Toby Grace,-0.048938440413484,-0.6560251190436133,-0.6534925912851488,0,Small Business,130.9374,1,29/7/2020
Toby Knight,-1.0555871092064202,1.804459382652566,1.6851490884241005,1,Corporate,351.77953333333335,21,9/11/2018
Toby Swindell,0.9242349757355064,0.5742171318044763,0.1351270114706458,2,Home Office,434.6295545454546,11,22/2/2018
Todd Boyes,-1.127319793443447,2.1735320579069928,2.12460630266904,1,Home Office,492.35255,24,3/10/2019
Todja Jarnong,0.838155754651075,-0.6560251190436133,-0.685827538511284,2,Corporate,42.336000000000006,1,24/7/2019
Tom Ashbrook,0.2595121018057291,-0.4099766688739953,-0.3182980588427022,0,Small Business,349.80273333333326,3,22/3/2020
Tom Brown,-0.0393740825152139,-0.6560251190436133,-0.6797972756262081,0,Corporate,58.8596,1,25/7/2020
Tom Prescott,-0.0035077403967007,-0.5330008939588043,-0.6567613619288977,0,Home Office,60.9903,2,3/11/2018
Tom Stivers,-0.50085435110675,1.1893382572285212,1.574015046949437,1,Consumer,665.07333125,16,3/4/2019
Toma McGolin,2.0050074182400364,-0.6560251190436133,-0.6624086478675697,2,Small Business,106.5064,1,23/3/2018
Tomy Molin,1.9093638392573349,-0.6560251190436133,-0.3443243239800151,2,Home Office,1241.5224,1,2/5/2018
Tona Prown,-1.1081910776469062,-0.6560251190436133,-0.3443243239800151,0,Home Office,25025.5829,1,15/10/2021
Tone Sayre,1.5004875391062846,-0.6560251190436133,-0.6868552334618017,2,Corporate,39.52,1,20/10/2018
Tonja Turnell,0.7951161441088591,-0.6560251190436133,-0.6562068591917469,2,Consumer,123.5,1,11/8/2019
Tony Molinari,-0.1374087509724832,0.3281686816348583,0.5851822204082517,0,Corporate,428.7809333333334,9,8/4/2020
Tony Sayre,-1.1942702987313378,2.1735320579069928,1.829552162787488,1,Small Business,2188.762091666667,24,9/8/2018
Tra Armssront,0.0801803912131633,-0.6560251190436133,-0.6674729650867969,0,Home Office,92.6296,1,5/6/2020
Tracy Blumstein,-0.0202453667186735,0.5742171318044763,-0.1217120216140232,0,Small Business,144.37055454545455,11,6/5/2019
Tracy Collins,-1.03645839340988,-0.6560251190436133,-0.4708714905369507,0,Consumer,631.3398,1,15/9/2021
Tracy Envelons,0.0873536596368659,-0.6560251190436133,-0.6966673845689034,0,Corporate,12.6336,1,2/6/2020
Tracy Hobs,1.194428086361639,-0.6560251190436133,-0.5909999065401932,2,Small Business,302.1744,1,25/2/2019
Tracy Poddar,0.3025517123479449,0.2051444565500494,0.004714529466653,0,Small Business,347.2301,8,4/3/2020
Tracy Poddars,1.7587252023595794,-0.6560251190436133,-0.6999195135614649,2,Home Office,3.7224,1,4/7/2018
Tracy Poldan,0.3025517123479449,-0.6560251190436133,-0.6271394417844913,2,Corporate,203.148,1,4/3/2020
Tracy Zic,-1.2851316987649046,-0.4099766688739953,-0.6141174227200802,0,Corporate,79.60993333333333,3,28/12/2021
Tracyy Zic,-1.0747158250029607,-0.6560251190436133,-0.6398703049428217,0,Small Business,168.264,1,1/10/2021
Trady Freenar,1.194428086361639,-0.6560251190436133,-0.5975489072103066,2,Corporate,284.22940000000006,1,25/2/2019
Trady Freych,-0.5199830669032903,-0.6560251190436133,-0.6818475562483701,0,Small Business,53.2416,1,11/2/2021
Trowa Kalle,-0.6132355564114246,-0.6560251190436133,-0.6825228569360257,0,Consumer,51.39119999999999,1,22/3/2021
Troy Blackwell,1.146606296870288,-0.6560251190436133,-0.6760023952379044,2,Corporate,69.258,1,17/3/2019
Troy Staebel,-1.067542556579258,0.3281686816348583,1.3303853974844333,1,Consumer,787.9434888888889,9,28/9/2021
Trudy Bell,0.654041865109374,-0.2869524437891864,0.0949254900375171,2,Consumer,1893.2909999999997,4,9/10/2019
Trudy Brown,0.2977695333988098,2.1735320579069928,4.397852825789952,1,Home Office,3075.190808333333,24,6/3/2020
Trudy Schmidt,0.1949526859924054,-0.5330008939588043,-0.6467756413194997,0,Corporate,74.6713,2,6/6/2018
Valerie Dominguez,-1.0627603776301229,2.6656289582462285,2.8813473627814825,1,Corporate,1211.38115,28,8/12/2020
Valerie Mitchmen,-0.0393740825152139,-0.6560251190436133,-0.6808280361440497,0,Small Business,56.0352,1,25/7/2020
Valerie Mitchum,-1.0053742302405018,-0.2869524437891864,0.3330389430617984,0,Home Office,1595.1596,4,4/4/2020
Valerie Takahito,-0.6993147774958561,0.0821202314652404,0.5832024843293904,0,Home Office,523.3210714285714,7,29/5/2019
Vicky Freymann,-0.8116959828005308,0.0821202314652404,0.8301458660922284,0,Corporate,1598.9124,7,19/5/2019
Victor Price,-0.1374087509724832,-0.6560251190436133,-0.5997055338227318,0,Corporate,278.32,1,4/9/2020
Victoria Brennan,1.5913489391398514,-0.5330008939588043,-0.2989064842811782,2,Corporate,778.8266000000001,2,12/9/2018
Victoria Pisteka,-1.1655772250365273,0.9432898070589032,1.290223290488327,1,Small Business,1207.7014857142856,14,8/11/2021
Victoria Wilson,0.0634427648911905,-0.1639282187043774,-0.1731418037836903,0,Small Business,2167.3658,5,26/7/2019
Vilek Mes,-0.663448435377343,-0.6560251190436133,-0.6975445747617529,0,Small Business,10.23,1,12/4/2021
Vivek Gonzalez,-1.0627603776301229,-0.1639282187043774,-0.4897848730907818,0,Corporate,115.90299999999999,5,6/12/2019
Vivek Grady,-0.9695078881219888,2.296556282991802,1.5773435596611545,1,Corporate,541.698628,25,9/12/2020
Vivek Sundaresam,0.7425121756683731,0.6972413568892852,1.26488239861702,1,Small Business,1454.548,12,2/9/2019
Vivian Mathis,0.8070715914816968,-0.4099766688739953,-0.1754436798955139,2,Corporate,1639.2176666666664,3,7/8/2018
William Brown,-0.2665275825991306,0.2051444565500494,0.1385337691388231,0,Home Office,287.6473625,8,29/6/2019
Xylona Price,0.1327843596536493,-0.4099766688739953,-0.5123081801377026,0,Consumer,172.5995333333333,3,29/6/2019
Yana Moren,1.0198785547182083,-0.6560251190436133,-0.3443243239800151,2,Consumer,3138.8,1,9/5/2019
Yana Sorensen,-0.689750419597586,0.6972413568892852,0.6722984177758522,0,Home Office,929.6229083333333,12,26/9/2020
Yara Bernen,-0.7112702248686938,-0.6560251190436133,-0.6657705533662093,0,Corporate,97.2944,1,2/5/2021
Yara Ferguson,-0.8642999512410168,-0.6560251190436133,-0.6370631211504276,0,Small Business,175.956,1,5/7/2021
Yary McGarr,-0.4123840405477508,-0.6560251190436133,-0.6329005186626419,0,Corporate,187.362,1,28/12/2020
