customer_name,recency_norm,frequency_norm,monetary_norm,cluster,customer_type,state,order_priority,order_total($)
Aaron Bergman,0.737729996719238,2.1735320579069928,0.7582112851214613,1,Small Business,NSW,Critical,221.8608
Aaron Smayling,1.7539430234104445,0.8202655819740942,0.0059401307713305,2,Consumer,NSW,Critical,187.3264
Adam Bellavance,1.7706806497324172,-0.4099766688739953,-0.4036340953173084,2,Small Business,NSW,Not Specified,137.232
Adam Berlavance,1.7706806497324172,-0.6560251190436133,-0.5071775756675214,2,Small Business,NSW,Not Specified,57.996
Adam Hart,1.1633439231922609,-0.6560251190436133,-0.5076162890664735,2,Home Office,NSW,Critical,52.56
Adam Shillingsburg,1.7180766812919313,-0.1639282187043774,-0.0083532744384115,2,Corporate,NSW,High,18.34
Adrian Hane,0.7951161441088591,-0.2869524437891864,-0.1482523595388453,2,Home Office,VIC,Medium,3950.86
Adrian Shami,-0.6467108090553702,-0.5330008939588043,-0.4626191118064096,0,Consumer,NSW,Medium,323.46
Airls Lampticp,1.2183389811073144,-0.6560251190436133,-0.5026538885008439,2,Small Business,VIC,High,114.04800000000002
Alan Barnes,-1.1799237618839329,-0.0409039936195684,-0.4664435369469871,0,Corporate,NSW,Medium,20.448
Alan Dominguez,-0.6299731827333974,-0.5330008939588043,-0.4878154973013218,0,Consumer,VIC,High,179.82000000000002
Alan Hwang,-0.3095671931413464,-0.5330008939588043,-0.5033156710378944,0,Small Business,VIC,Critical,103.968
Alan Schoenberger,0.0682249438403256,-0.6560251190436133,-0.5106204589639332,0,Corporate,NSW,Low,15.336
Alan Shonely,0.118437822806244,0.4511929067196673,0.8971668055228799,0,Corporate,NSW,Critical,5802.8373
Ale Hulle,0.548833928228402,-0.6560251190436133,-0.5068144023240181,2,Small Business,NSW,Critical,62.496
Alejandro Ballentine,-0.983854424969394,1.1893382572285212,1.5657468741848015,1,Consumer,VIC,High,315.018
Alejandro Grove,0.2069081333652431,-0.6560251190436133,-0.5003175217474182,0,Corporate,NSW,Not Specified,142.9974
Aleksandra Gannaway,-0.4817256353102096,1.1893382572285212,0.2372615518375098,0,Consumer,NSW,Medium,136.0134
Alex Busser,1.5793934917670136,-0.6560251190436133,-0.5101660564765418,2,Corporate,VIC,High,20.9664
Alex Grayson,-1.0555871092064202,0.3281686816348583,1.1455958781786462,0,Small Business,NSW,Medium,671.3280000000001
Alex Russell,-1.3736020093239036,1.927483607737375,0.163028920425427,1,Consumer,VIC,Low,72.07919999999999
Alian Denenbon,-0.048938440413484,-0.6560251190436133,-0.5076511537074498,0,Corporate,VIC,High,52.128
Allen Armold,-0.369344430005535,1.558410932482948,1.537308569380735,1,Home Office,VIC,Not Specified,42.336000000000006
Allina Jacobs,-0.2569632247008604,-0.6560251190436133,-0.5081089942358263,0,Home Office,NSW,Critical,46.455
Amuman Howes,-1.1297108829180142,-0.6560251190436133,-0.4899182871012436,0,Small Business,VIC,Low,271.852
Amy Cox,1.2016013547853417,1.31236248231333,-0.3892996757313064,2,Home Office,NSW,Low,305.472
Amy Hunt,-1.2373099092735536,-0.0409039936195684,0.3044977698447821,0,Home Office,VIC,Medium,168.69119999999998
Andrew Allen,-0.5893246616657491,0.2051444565500494,1.8319592219068528,1,Home Office,NSW,Low,955.045
Andy Peige,0.9146706178372364,-0.6560251190436133,-0.5100087782072485,2,Home Office,NSW,Medium,22.9152
Anemone Ratner,1.0724825231586943,-0.6560251190436133,-0.4954354551253714,2,Corporate,NSW,Low,203.49
Ann Blume,0.3240715176190528,-0.6560251190436133,-0.4983852297264931,2,Home Office,VIC,Not Specified,166.94
Ann Chong,1.5722202233433111,-0.6560251190436133,-0.4921888307037889,2,Corporate,NSW,Not Specified,243.7182
Ann Steele,-1.3329534882562557,-0.6560251190436133,-0.4628384685058856,0,Small Business,NSW,Medium,607.392
Anne McFarland,0.3049428018225125,-0.0409039936195684,-0.4297627629260311,0,Small Business,NSW,Critical,95.904
Anne McFrar,-0.4052107721240482,-0.6560251190436133,-0.4654664876657006,0,Small Business,NSW,High,574.8288
Anne Pryor,1.0461805389384513,0.9432898070589032,0.4756902429539745,2,Home Office,NSW,Medium,83.8656
Annelle Norvell,0.0873536596368659,-0.6560251190436133,-0.4655622685821606,0,Home Office,VIC,Not Specified,573.6419999999999
Annie Bross,-0.5630226774455062,-0.6560251190436133,-0.5092287787116283,0,Consumer,NSW,Medium,32.580000000000005
Annie Cyprus,0.0586605859420554,-0.2869524437891864,-0.4881770242590012,0,Corporate,VIC,Critical,111.3112
Annie Thurman,-0.2569632247008604,0.5742171318044763,-0.4513104023323964,0,Corporate,VIC,Low,57.816
Antherina Tachmonas,-0.1302354825487806,-0.6560251190436133,-0.5053824986062906,0,Home Office,NSW,Low,80.2384
Anthony Ganvery,-0.6012801090385869,-0.6560251190436133,-0.1026838218337445,0,Small Business,NSW,Not Specified,5069.987999999999
Anthony Garverick,0.2858140860259721,-0.6560251190436133,-0.5087688559894157,2,Corporate,NSW,Low,38.2788
Anthony Garwer,0.2762497281277019,-0.6560251190436133,-0.5038902758314666,2,Corporate,NSW,Low,98.7282
Anthony Johnson,-0.1924038088875367,-0.5330008939588043,2.2431197326662824,0,Home Office,NSW,High,13661.7723
Anthony Rawles,-1.225354461900716,1.066314032143712,0.8523504966583992,1,Corporate,NSW,Low,68.4
Arianne Iaven,1.851977691867713,-0.6560251190436133,-0.5041298249688414,2,Small Business,VIC,Low,95.76
Arianne Irving,0.0275764227726773,-0.4099766688739953,-0.4366573990189547,0,Corporate,VIC,Not Specified,19.2654
Arn Shari,0.3408091439410256,-0.6560251190436133,-0.5043003711709506,2,Home Office,NSW,Not Specified,93.64679999999998
Art Ferdur,0.0682249438403256,-0.6560251190436133,-0.5026157795113322,0,Corporate,NSW,Critical,114.5202
Art Ferguson,0.1901705070432703,-0.5330008939588043,-0.4971247438268991,0,Corporate,NSW,Medium,125.0304
Art Foster,-1.3783841882730388,1.1893382572285212,-0.1801889517505047,0,Home Office,NSW,Not Specified,880.6320000000001
Art Miller,-1.2851316987649046,0.2051444565500494,-0.3861102712876226,0,Corporate,NSW,High,23.2848
Arthur Gainer,0.1949526859924054,1.31236248231333,-0.067229427700168,0,Home Office,VIC,Not Specified,1097.5965
Arthur Prichep,-0.8164781617496658,0.3281686816348583,-0.158108884081526,0,Home Office,NSW,Medium,345.4542
Ashley Jarboe,-1.0484138407827177,1.435386707398139,0.157969867327313,0,Home Office,VIC,Not Specified,405.603
Astrea Jones,-0.936032635478043,1.435386707398139,1.9447212200109167,1,Corporate,NSW,Low,283.2
Aumen Metsoner,0.1949526859924054,-0.6560251190436133,-0.4992184139406396,0,Consumer,NSW,Medium,156.61620000000002
Barry Dennamed,-0.5223741563778579,-0.6560251190436133,-0.490394609117545,0,Small Business,NSW,High,265.95
Barry Franz,-1.1081910776469062,0.8202655819740942,1.8009424428575431,1,Home Office,VIC,Critical,380.0538
Barry Gonzalez,-0.0154631877695384,-0.4099766688739953,-0.4661657658328382,0,Corporate,NSW,High,99.6864
Barry Lonsdale,-0.7877850880548553,-0.5330008939588043,-0.4703612411432137,0,Home Office,NSW,Medium,512.4870000000001
Barry Pond,0.9218438862609388,-0.4099766688739953,-0.4808221668346714,2,Corporate,VIC,Not Specified,58.6656
Barry Prown,1.6846014286479856,-0.6560251190436133,-0.5048713038784941,2,Corporate,VIC,High,86.5725
Barry Weirich,-0.6610573459027754,-0.1639282187043774,-0.42789999842409,0,Small Business,NSW,Low,29.904000000000003
Barrydle Barr,-0.5199830669032903,-0.6560251190436133,-0.50252721363863,0,Small Business,NSW,Critical,115.6176
Bart Watters,-1.3377356672053906,2.4195805080766104,3.076150518181052,1,Home Office,NSW,Low,233.919
Bary Gonzalez,-0.0154631877695384,-0.6560251190436133,-0.5090057095735299,0,Corporate,NSW,Medium,35.343999999999994
Bebby Elias,1.194428086361639,-0.6560251190436133,-0.4534526166163852,2,Consumer,VIC,High,723.6899999999999
Bebery Jackso,-0.8571266828173141,-0.6560251190436133,-0.504292526626731,0,Consumer,VIC,Low,93.744
Bebery Pistek,0.3264626070936204,-0.6560251190436133,-0.4871057113187788,2,Corporate,VIC,Medium,306.702
Becky Castell,1.5172251654282576,-0.6560251190436133,-0.4942917980551232,2,Small Business,NSW,Low,217.6608
Becky Dak,0.2188635807380808,-0.6560251190436133,-0.4968312432717172,0,Small Business,NSW,Critical,186.1951
Becky Pak,-1.199052477680473,-0.1639282187043774,-0.30753922760768,0,Small Business,NSW,Critical,89.1072
Bel Wallans,1.383324154852475,-0.6560251190436133,-0.498542039905699,2,Small Business,VIC,Not Specified,164.997
Ben Peterman,-1.2325277303244186,0.0821202314652404,0.1583540724426646,0,Consumer,NSW,High,46.5309
Ben Wallace,1.725249949715634,-0.5330008939588043,-0.4758464014900009,2,Home Office,VIC,Low,114.464
Benjamin Farhat,0.7233834598718327,-0.4099766688739953,-0.4867982406956501,2,Corporate,NSW,Low,158.508
Benjamin Patterson,-1.014938588138772,-0.0409039936195684,-0.1729327725588642,0,Home Office,NSW,Critical,14.0616
Beremike Kampe,1.7563341128850118,-0.6560251190436133,-0.4041341607997562,2,Small Business,VIC,Low,1334.784
Berenike Kampe,-0.6610573459027754,2.1735320579069928,1.5900224296320016,1,Home Office,VIC,Critical,178.32359999999997
Berhan Martin,1.4933142706825822,-0.6560251190436133,-0.5020507302119535,2,Consumer,NSW,Medium,121.5216
Berly Franz,1.897408391884497,-0.6560251190436133,-0.4557780558874308,2,Home Office,VIC,Medium,694.8760000000001
Beth Fritzler,-0.3143493720904815,-0.6560251190436133,-0.5002260020648553,0,Consumer,NSW,High,144.1314
Beth Paige,-0.0393740825152139,0.2051444565500494,-0.4732452732986425,0,Home Office,NSW,Low,102.2976
Beth Thompson,-0.9384237249526106,0.5742171318044763,-0.3902660073637002,0,Corporate,NSW,High,71.6352
Bett Farres,-1.1703594039856624,-0.6560251190436133,-0.4968692634855226,0,Consumer,NSW,Low,185.724
Beul Khright,1.5220073443773925,-0.6560251190436133,-0.4846834177522802,2,Small Business,NSW,High,336.7161
Bheck OBriant,0.1017001964842712,-0.6560251190436133,-0.5065657012183871,0,Corporate,NSW,Not Specified,65.57759999999999
Bill Donatelli,-0.8093048933259632,1.927483607737375,0.2797392664853911,1,Home Office,NSW,Critical,162.9264
Bill Eplett,1.2661607705986653,-0.6560251190436133,-0.4915050802147158,2,Corporate,NSW,Critical,252.1904
Bill Shonely,-1.1536217776636897,-0.6560251190436133,-0.5072487253607731,0,Corporate,NSW,Low,57.1144
Bill Stewart,0.1399576280773519,2.1735320579069928,0.2400744504407243,1,Small Business,NSW,Low,97.755
Biman Radorston,2.1006509972227385,-0.6560251190436133,-0.5039044153803071,2,Small Business,NSW,High,98.553
Bobby Elias,-0.1565374667690235,-0.2869524437891864,-0.4937466264434122,0,Home Office,VIC,Medium,14.823899999999998
Bobby Odegard,0.8596755599221828,-0.5330008939588043,-0.4790069457586543,2,Home Office,NSW,Medium,308.352
Bobby Trafton,-0.2760919404974008,0.0821202314652404,-0.4209034236089044,0,Consumer,NSW,High,209.965
Bor Nyng,1.5578736864959055,-0.6560251190436133,-0.5001951565422137,2,Small Business,VIC,Not Specified,144.5136
Bor Prostek,-1.3736020093239036,-0.6560251190436133,-0.5117070736076951,0,Home Office,VIC,Not Specified,1.872
Bord Bath,1.5650469549196084,-0.6560251190436133,-0.4521154123656059,2,Corporate,VIC,Medium,740.259
Brad Eason,-1.1703594039856624,0.3281686816348583,1.9339255453429745,1,Corporate,NSW,Low,358.75800000000004
Brad Norvell,-0.931250456528908,-0.0409039936195684,0.6365351246664386,0,Consumer,VIC,Critical,151.848
Brad Thomas,-1.242092088222689,2.050507832822184,0.8075575680867215,1,Corporate,NSW,Not Specified,3061.8432000000003
Bradley Drucker,1.6415618181057698,0.0821202314652404,0.8807326064404475,2,Consumer,NSW,Low,68.2864
Bradley Nguyen,-0.0322008140915112,-0.5330008939588043,-0.3820923958127389,0,Small Business,NSW,Critical,1599.3648
Brand Markne,1.6941657865462558,-0.6560251190436133,-0.4941660432320461,2,Home Office,NSW,Not Specified,219.219
Brank Carlisle,-0.6180177353605597,-0.6560251190436133,-0.5069675162056392,0,Home Office,NSW,Critical,60.5988
Brean Mhone,-0.6251910037842623,-0.6560251190436133,-0.5024576134849772,0,Corporate,NSW,Medium,116.48
Brean Thornton,0.7401210861938056,-0.6560251190436133,-0.5007379473508952,2,Home Office,NSW,Medium,137.78799999999998
Brenda Bowman,1.0868290600060997,-0.6560251190436133,-0.5023023367043326,2,Corporate,NSW,Not Specified,118.404
Brendan Murry,0.5560071966521046,0.3281686816348583,-0.0646044269143633,2,Small Business,NSW,Low,149.8588
Brian Dahlen,0.0251853332981097,-0.0409039936195684,1.5506306957300928,0,Home Office,NSW,High,7121.6703
Brian DeCherney,-0.8499534143936115,0.4511929067196673,0.7237656896899123,0,Consumer,NSW,Critical,88.1536
Brian Stugart,0.4699279755676731,-0.2869524437891864,5.736845416737554,1,Home Office,NSW,Low,6445.510800000001
Brian Thompson,0.3264626070936204,-0.1639282187043774,-0.0559086124480381,0,Home Office,NSW,Medium,4081.6116
Brid Thompson,0.3264626070936204,-0.6560251190436133,-0.5091247658660489,2,Home Office,NSW,High,33.8688
Brindarte Groys,1.1226954021246127,-0.6560251190436133,-0.50013070537952,2,Consumer,NSW,Medium,145.3122
Brooke Gillingham,-1.03645839340988,0.8202655819740942,0.4334598977761313,0,Corporate,NSW,Critical,219.8064
Bruce Degenhardt,1.6343885496820671,-0.5330008939588043,-0.5015104251230454,2,Corporate,NSW,High,21.2064
Bruce Hennar,-0.7495276564617745,-0.6560251190436133,-0.5022824509461461,0,Corporate,NSW,Critical,118.6504
Bruce Stewart,-0.936032635478043,-0.5330008939588043,0.4084723288832149,0,Consumer,NSW,Critical,187.3264
Bryan Spruell,-0.4888989037339122,2.1735320579069928,-0.0332742534811671,1,Small Business,NSW,Medium,412.614
Callia Suhley,0.5560071966521046,-0.6560251190436133,-0.5117564651824116,2,Corporate,VIC,Not Specified,1.26
Candos Bawlak,0.2738586386531344,-0.6560251190436133,-0.4981592552016465,2,Home Office,NSW,Critical,169.74
Cari Schnelling,-0.3549978931581298,-0.5330008939588043,-0.4882463661560541,0,Home Office,NSW,Critical,64.5084
Carl Jackson,-0.0417651719897814,-0.4099766688739953,-0.477557060925164,0,Small Business,NSW,Not Specified,159.1788
Carl Ludwig,0.2140814017889458,-0.1639282187043774,-0.411008128294175,0,Corporate,NSW,Not Specified,441.048
Carl Muray,-0.768656372258315,-0.6560251190436133,-0.5111513054048726,0,Corporate,NSW,High,8.7584
Carlo Monton,-0.9121217407323676,-0.6560251190436133,-0.4963178856448971,0,Corporate,NSW,Low,192.556
Carlos Daly,1.0963934179043695,0.4511929067196673,1.317062498739071,2,Consumer,NSW,High,276.4728
Carlos Meador,-1.2373099092735536,0.5742171318044763,-0.4034283616534731,0,Corporate,NSW,Not Specified,130.7075
Carlos Soltero,0.1590863438738922,0.4511929067196673,-0.3871787756873219,0,Corporate,NSW,Critical,56.064
Carlosder Meady,0.1280021807045142,-0.6560251190436133,-0.5056420787711894,0,Corporate,NSW,High,77.02199999999999
Carol Adams,0.8070715914816968,-0.5330008939588043,-0.4983803551331713,2,Consumer,NSW,High,147.042
Carol Darley,-1.3377356672053906,-0.2869524437891864,-0.3829511474302682,0,Consumer,VIC,High,1426.9388
Carol Triggs,-1.1655772250365273,1.31236248231333,-0.26135293204528,0,Small Business,NSW,Not Specified,644.1831
Caroline Jumper,-1.1321019723925818,-0.1639282187043774,1.2270262743676967,0,Corporate,NSW,Critical,750.0428
Cassandra Brandow,-1.225354461900716,-0.5330008939588043,-0.4991003099693323,0,Corporate,NSW,Medium,144.10199999999998
Catherine Glotzbach,0.6133933440417257,-0.6560251190436133,-0.5072732920198314,2,Small Business,NSW,Medium,56.81
Ceren Mitchum,0.8190270388545345,-0.6560251190436133,-0.5032907492760114,2,Consumer,NSW,Medium,106.1568
Chacky Karkston,-0.4602058300391017,-0.6560251190436133,1.0341364133768345,0,Home Office,NSW,Low,19156.0743
Chad Cunningham,1.146606296870288,-0.5330008939588043,-0.4882235104469696,2,Corporate,VIC,Not Specified,92.9016
Chad McGuire,0.1327843596536493,1.558410932482948,-0.1653236050183759,0,Consumer,NSW,Not Specified,141.3384
Charles Crestani,-0.3836909668529403,-0.2869524437891864,0.7052709903257798,0,Corporate,NSW,Not Specified,15.84
Charles McCrossin,0.685126028278752,-0.6560251190436133,-0.3904454311364282,2,Corporate,NSW,Critical,1504.398
Charles Sheldon,-0.0513295298880516,0.2051444565500494,-0.2593291284123107,0,Consumer,VIC,High,929.6694
Charlotte Melson,0.7401210861938056,-0.6560251190436133,-0.5056165113678067,2,Small Business,NSW,Medium,77.33879999999999
Charlotte Melton,0.1017001964842712,-0.1639282187043774,-0.2429920499524502,0,Consumer,NSW,High,176.05120000000002
Christina Anderson,-0.8140870722750982,-0.4099766688739953,-0.4958091604958364,0,Home Office,NSW,Not Specified,43.092
Christina Vanderzanden,-1.0316762144607448,5.4951861351968345,0.8202909985167793,1,Small Business,NSW,Not Specified,126.6846
Christine Abelman,0.8979329915152635,-0.5330008939588043,-0.5024714382835865,2,Corporate,NSW,Medium,31.04
Christine Phan,-1.0555871092064202,-0.4099766688739953,-0.0119919323785279,0,Consumer,NSW,Critical,128.29219999999998
Christopher Conant,-0.9097306512578,0.0821202314652404,-0.4000597513410672,0,Home Office,VIC,Critical,84.888
Christopher Martinez,-1.2612208040192292,4.018895434179127,2.733831701793259,1,Corporate,NSW,High,7247.3744
Christopher Schild,-0.4028196826494806,1.804459382652566,-0.2292457129263239,0,Small Business,NSW,Critical,254.952
Christy Brittain,-1.2014435671550403,0.6972413568892852,0.6834209647230948,0,Corporate,NSW,Medium,226.6152
Chuck Clark,-1.1177554355451764,1.435386707398139,1.6368339563520582,1,Corporate,NSW,Medium,421.4
Chuck Magee,0.7233834598718327,0.2051444565500494,-0.4440127648859653,2,Consumer,NSW,Low,185.9102
Chuck Sachs,0.9959676599725328,-0.6560251190436133,-0.4398086299089769,2,Corporate,NSW,Medium,892.7495999999999
Chucy Collins,1.8854529445116592,-0.6560251190436133,1.1745137574180684,2,Home Office,NSW,Critical,20895.458700000003
Cicole Hansen,-1.1249287039688791,-0.6560251190436133,-0.5080666240124176,0,Consumer,NSW,Medium,46.98
Cindy Chapman,-1.383166367222174,4.634016559603172,0.5704074973254697,1,Small Business,NSW,High,25.9184
Cindy Schnelling,0.0969180175351361,0.9432898070589032,1.541280749578487,1,Corporate,VIC,High,3087.5292
Cindy Stewart,-0.7327900301398018,1.1893382572285212,2.491910437196472,1,Home Office,NSW,Critical,37.7104
Claire Good,0.3742843965849712,-0.4099766688739953,-0.4950216312062275,2,Corporate,NSW,Critical,67.9328
Clay Cheatham,-0.5462850511235333,-0.5330008939588043,-0.4805159390714294,0,Corporate,NSW,Low,108.836
Clay Ludtke,-1.0005920512913669,0.6972413568892852,-0.3838469911519473,0,Small Business,NSW,Not Specified,11.904
Clay Rozendal,0.4197150966017546,-0.2869524437891864,-0.4724258412484365,2,Home Office,VIC,Medium,73.3514
Clytie Kelty,-0.2306612404806174,0.4511929067196673,6.39801783064152,1,Home Office,NSW,Critical,13823.6928
Corey Lock,-0.6610573459027754,-0.2869524437891864,-0.4786130721618468,0,Consumer,NSW,High,16.29
Corinna Mitchell,1.6965568760208234,0.6972413568892852,5.15589514552036,1,Small Business,NSW,Critical,5241.1632
Corintar Huige,0.1638685228230273,-0.6560251190436133,-0.4958945062315597,0,Corporate,NSW,Critical,197.802
Craig Carroll,-0.3669533405309675,1.804459382652566,-0.2149857358052215,0,Consumer,VIC,Medium,25.46
Craig Molinari,0.2188635807380808,-0.5330008939588043,-0.5002085455328109,0,Corporate,NSW,Not Specified,28.2
Creian DeCherney,0.0108387964507045,-0.6560251190436133,-0.5015033553486252,0,Home Office,NSW,Not Specified,128.304
Crian Creighton,-0.3454335352598596,-0.6560251190436133,-0.4374648382783062,0,Home Office,NSW,High,921.791
Crist Tran,1.7061212339190934,-0.6560251190436133,-0.4975531915260081,2,Corporate,VIC,Low,177.2496
Curr Rcone,-0.1900127194129692,-0.6560251190436133,-0.5098223492242502,0,Home Office,NSW,Medium,25.2252
Custer Chalkon,0.3790665755341064,-0.6560251190436133,-0.5003300633335471,2,Corporate,NSW,Not Specified,142.842
Cyma Kinney,-1.3759930987984712,2.9116774084158465,1.477636977721,1,Consumer,NSW,Not Specified,258.336
Cynthia Arntzen,-1.3018693250868774,0.4511929067196673,-0.2659762820479336,0,Home Office,NSW,Not Specified,449.1942
Cynthia Delaney,-0.5749781248183439,-0.2869524437891864,-0.4427301254124177,0,Small Business,NSW,High,117.576
Cynthia Voltz,-1.007765319715069,0.0821202314652404,0.1862251731188476,0,Small Business,NSW,Medium,302.0544
Cyra Reiten,-1.1703594039856624,1.927483607737375,1.274886452011341,1,Small Business,NSW,Critical,63.36
Daborah Brumfield,0.1136556438571089,-0.6560251190436133,-0.1948148704030398,0,Corporate,NSW,High,3928.4127
Dama Kaniet,1.194428086361639,-0.6560251190436133,-0.4968845167659498,2,Consumer,NSW,Low,185.53500000000005
Damala Kotsonis,-0.2019681667858069,-0.5330008939588043,-0.49890497113364,0,Corporate,NSW,Medium,5.84
Dan Caclop,1.6104776549363915,-0.6560251190436133,-0.5097724088542591,2,Corporate,NSW,Not Specified,25.844
Dan Campbell,-1.1751415829347975,2.4195805080766104,0.9224184902122292,1,Consumer,NSW,Not Specified,93.9624
Dan Lawela,0.3718933071104037,-0.6560251190436133,-0.5022182580400522,2,Consumer,NSW,Not Specified,119.4458
Dan Lawera,-0.3597800721072648,-0.1639282187043774,-0.4835383483412516,0,Home Office,NSW,Low,123.14
Dan Lawera ,-0.4410771142425613,-0.6560251190436133,-0.5013148280307533,0,Home Office,NSW,Critical,130.64
Dana Kaydos,-0.7567009248854772,-0.5330008939588043,-0.3929344194698316,0,Corporate,NSW,Not Specified,984.2687
Daniel Byrd,0.8979329915152635,-0.0409039936195684,-0.4339491427617816,2,Home Office,NSW,High,370.224
Daniel Lacy,-0.7614831038346124,-0.5330008939588043,-0.4908035907254423,0,Small Business,NSW,Critical,96.0204
Danine Chand,0.632522059838266,-0.6560251190436133,-0.5033967636102393,2,Consumer,NSW,High,104.8432
Darren Powers,2.028918312985712,-0.5330008939588043,-0.4955122541817442,2,Home Office,VIC,Critical,22.14
Darrin Martin,-1.010156409189637,1.804459382652566,0.7653617970111799,1,Corporate,VIC,Low,3019.4112
Darrin Sayre,-0.6754038827501807,0.6972413568892852,-0.4074504822212164,0,Corporate,NSW,Not Specified,44.23199999999999
Darrin Van Huff,-1.014938588138772,-0.5330008939588043,0.2035207951605134,0,Small Business,NSW,Low,5990.0160000000005
Dave Hallsten,-1.3162158619342823,4.510992334518363,3.211751600100979,1,Home Office,NSW,Critical,652.783
Dave Kipp,1.863933139240552,-0.0409039936195684,1.529353426772188,2,Corporate,VIC,Low,5417.460000000001
Dave Poirier,1.6654727128514453,-0.5330008939588043,0.1189644530166671,2,Home Office,NSW,High,6256.512000000001
David Flashing,-1.0747158250029607,-0.4099766688739953,-0.452644563997609,0,Consumer,NSW,High,597.08
David Smith,0.3718933071104037,0.0821202314652404,-0.3031569601409626,2,Corporate,NSW,Medium,2062.944
Dean Percer,-0.931250456528908,0.0821202314652404,1.2683001178049769,0,Corporate,VIC,High,75.58200000000001
Deanra Eno,-0.610844466936857,0.0821202314652404,-0.4040479111659336,0,Home Office,VIC,Low,90.88
Dearre Gonne,1.194428086361639,-0.6560251190436133,-0.4957811961483866,2,Small Business,VIC,Medium,199.206
Deborah Brumfield,0.1088734649079738,1.31236248231333,3.265521689492934,1,Small Business,NSW,Low,460.7034
Debra Catini,-0.8810375775629895,-0.6560251190436133,-0.5096381154223504,0,Consumer,VIC,High,27.508000000000003
Deirdre Greer,-0.6251910037842623,-0.1639282187043774,0.0548953244687501,0,Home Office,NSW,Not Specified,43.218
Delfina Latchford,1.1729082810905311,-0.0409039936195684,0.4343289312345411,2,Corporate,VIC,Medium,19.3536
Denise Leinenbach,-0.1876216299384016,-0.2869524437891864,-0.4445287212198211,0,Corporate,VIC,Not Specified,63.3006
Denise Monton,-0.8642999512410168,3.526798533839892,2.9834014696388933,1,Corporate,NSW,Medium,67.3785
Dennis Bolton,-0.952770261800016,0.3281686816348583,-0.1214918429470954,0,Home Office,NSW,Low,80.14739999999999
Dennis Kane,1.457447928564069,0.3281686816348583,-0.3449372286294613,2,Small Business,NSW,Critical,50.5344
Dennis Kenery,0.0323586017218124,-0.6560251190436133,-0.3966467854576415,0,Home Office,NSW,Medium,1427.5584
Dennis Pardue,1.1561706547685584,0.9432898070589032,0.497301405413378,2,Consumer,VIC,Not Specified,3498.336
Denny Blanton,0.1614774333484598,-0.6560251190436133,-0.4777924940979791,0,Small Business,NSW,Medium,422.1
Denny Joy,-0.6658395248519106,0.6972413568892852,0.2337723195519482,0,Corporate,VIC,Critical,79.83359999999999
Denny Ordway,1.851977691867713,-0.1639282187043774,-0.4405014355200813,2,Home Office,NSW,High,20.6752
Dianna Arnett,0.17104179124673,0.0821202314652404,-0.4453838249628779,0,Home Office,VIC,High,21.9
Dianna Wilson,0.957710228379452,-0.6560251190436133,-0.4385189287315278,2,Small Business,NSW,Low,908.73
Dionin Lloyd,1.3115914706154488,-0.6560251190436133,-0.4512618097390357,2,Consumer,NSW,Not Specified,750.8358000000001
Dionis Lloyd,-0.531938514276128,0.9432898070589032,-0.1045036027528522,0,Small Business,NSW,Medium,538.65
Dirly Steele,1.3976706916998802,-0.6560251190436133,-0.5104635680795397,2,Home Office,VIC,Critical,17.28
Diz Karnisser,-0.1158889457013753,-0.6560251190436133,-0.4453906526217357,0,Corporate,VIC,Critical,823.584
Diza Ken Reitt,1.6869925181225531,-0.6560251190436133,-0.3635928783489159,2,Small Business,VIC,Medium,1837.122
Dlanna Ennardes,-0.0082899193458358,-0.6560251190436133,-0.5092742641552724,0,Home Office,VIC,Medium,32.016400000000004
Doborah Brumfield,1.000749838921668,-0.6560251190436133,-0.4953308289203675,2,Corporate,NSW,Not Specified,204.7864
Don Jones,-0.531938514276128,-0.6560251190436133,-0.5073427953272592,0,Home Office,NSW,Medium,55.94879999999999
Don Miller,0.2690764597039993,-0.4099766688739953,-0.4933724529828601,0,Small Business,VIC,High,33.68260000000001
Don Weiss,-0.6777949722247483,-0.2869524437891864,-0.1506290143218435,0,Small Business,NSW,Medium,47.6658
Donna Barnton,0.3838487544832414,-0.6560251190436133,-0.4220601064964063,2,Home Office,NSW,Critical,1112.6676
Dorgin Lygon,0.0299675122472448,-0.6560251190436133,-0.5052353246264656,0,Home Office,VIC,Not Specified,82.062
Dorris Love,-1.251656446120959,0.0821202314652404,0.3007138748493394,0,Consumer,NSW,High,422.1
Doug Bickford,0.3623289492121335,-0.2869524437891864,1.8011326811253894,0,Home Office,VIC,Not Specified,14228.6838
Doug Jacobs,-1.1153643460706089,-0.4099766688739953,0.1227525446818567,0,Small Business,NSW,Medium,101.8314
Drenn Jones,1.194428086361639,-0.6560251190436133,-0.4907966177972471,2,Consumer,VIC,Medium,260.96880000000004
Duae Moringaez,-0.6012801090385869,-0.6560251190436133,-0.4989861282701349,0,Small Business,NSW,High,159.49439999999998
Duane Huffman,1.330720186411989,-0.5330008939588043,-0.4610672317570261,2,Corporate,NSW,High,574.34
Ean McVeigh,0.4149329176526195,-0.6560251190436133,-0.4927687943218076,2,Corporate,NSW,Critical,236.532
Echa Smith,1.9954430603417663,-0.6560251190436133,-0.4907408343716849,2,Home Office,NSW,Low,261.66
Ecin Brown,-0.1421909299216183,-0.6560251190436133,-0.2134394244137717,0,Small Business,NSW,Not Specified,3697.64
Ed Braxton,-0.5128097984795877,1.31236248231333,2.0649566879533,1,Consumer,VIC,High,79.70400000000001
Ed Jacobs,1.4909231812080146,-0.5330008939588043,-0.4122731175432284,2,Corporate,NSW,Low,75.08800000000001
Ed Ludwig,-0.9742900670711238,0.5742171318044763,-0.366628716961929,0,Corporate,VIC,Critical,62.6612
Edward Becker,-0.1182800351759428,1.804459382652566,2.618444557634052,1,Consumer,NSW,Medium,86.336
Edward Hooks,1.6702548918005804,-0.0409039936195684,-0.4543668934028768,2,Corporate,VIC,Not Specified,58.608
Edward Nazzal,-1.120146525019744,0.8202655819740942,-0.0398109943498462,0,Home Office,NSW,Critical,28.9744
Eelia Bern,0.2140814017889458,-0.6560251190436133,-0.4943896611654192,0,Consumer,NSW,Not Specified,216.4482
Eic Selver,0.1949526859924054,-0.6560251190436133,-0.4944211684705978,0,Corporate,NSW,Medium,216.0578
Eleni McCrary,-0.1111067667522402,-0.4099766688739953,-0.4674064143973581,0,Consumer,NSW,High,246.4128
Eleni McCrrary,-0.1111067667522402,-0.6560251190436133,-0.5061033089174386,0,Home Office,NSW,Not Specified,71.30699999999999
Elima Hackney,1.199210265310774,-0.6560251190436133,-0.457141892850067,2,Corporate,VIC,Medium,677.977
Ellis Ballard,-0.3263048194633192,-0.0409039936195684,-0.4507846968118972,0,Corporate,NSW,Medium,68.4684
Ellis Dallentan,0.3025517123479449,-0.6560251190436133,-0.475581171961981,2,Corporate,NSW,High,449.5
Emily Grady,-1.0842801829012307,1.804459382652566,2.025718794279699,1,Small Business,NSW,Medium,428.9408
Enda Mitchell,1.6965568760208234,-0.6560251190436133,-0.1783761195480359,2,Small Business,VIC,Not Specified,4132.1016
Enpleneima,0.9027151704643986,-0.6560251190436133,-0.5042345641611078,2,Home Office,NSW,Medium,94.4622
Eria McGuire,-1.3759930987984712,-0.6560251190436133,-0.5097778968070054,0,Corporate,NSW,Not Specified,25.776
Erias Ashbrook,-0.7399632985635044,-0.6560251190436133,-0.5085092112603671,0,Home Office,VIC,Medium,41.496
Eric Barreto,-0.7567009248854772,2.788653183331037,0.775264081395142,1,Corporate,NSW,Critical,66.8
Erica Bern,-0.8069138038513957,-0.2869524437891864,-0.4803218592366612,0,Corporate,NSW,Not Specified,57.456
Erica Hackney,-1.3736020093239036,-0.5330008939588043,-0.4858171238729165,0,Corporate,VIC,Critical,64.635
Erica Hernandez,-1.2373099092735536,0.3281686816348583,-0.4194010642625372,0,Home Office,NSW,High,174.5562
Erica Melson,0.1256110912299466,-0.6560251190436133,-0.5112393063412628,0,Corporate,NSW,Low,7.667999999999999
Erica Smith,-0.6060622879877219,0.8202655819740942,0.166778273600643,0,Consumer,NSW,Not Specified,5269.4532
Erin Ashbrook,-1.2086168355787432,0.3281686816348583,-0.4672707812593377,0,Home Office,NSW,Critical,20.9664
Erin Creighton,-0.3597800721072648,0.6972413568892852,-0.3077967013671864,0,Home Office,NSW,High,55.016000000000005
Erina Nurn,1.5650469549196084,-0.6560251190436133,-0.499411476890046,2,Consumer,NSW,Medium,154.224
Eudokia Martin,1.844804423444011,0.2051444565500494,0.0855575333475375,2,Consumer,VIC,Not Specified,532.323
Eudokian,-1.060369288155555,-0.6560251190436133,-0.4806499419646634,0,Consumer,VIC,High,386.694
Eugene Barchas,1.4335370338183937,-0.4099766688739953,-0.4885741906274564,2,Home Office,VIC,Not Specified,11.9392
Eugene Hildebrand,1.4694033759369065,0.4511929067196673,-0.3694609767396116,2,Small Business,VIC,Low,294.9309
Eugene Moren,0.6086111650925906,1.804459382652566,1.9161894989523829,1,Home Office,NSW,High,87.6645
Eulex Forman,1.2422498758529898,-0.6560251190436133,-0.4755416264201329,2,Corporate,NSW,Not Specified,449.99
Eva Jacobs,-0.7590920143600448,0.8202655819740942,-0.4044501861727541,0,Small Business,NSW,Medium,257.8944
Feorge Ashbrook,0.6970814756515897,-0.6560251190436133,-0.5041431897478823,2,Corporate,VIC,Low,95.5944
Ferighting,1.7324232181393364,-0.6560251190436133,-0.5073782652571415,2,Consumer,VIC,Medium,55.50930000000001
Flank Prite,0.5057943176861862,-0.6560251190436133,-0.4908811645516146,2,Home Office,VIC,Critical,259.9212
Fley Castell,1.818502439223768,-0.6560251190436133,-0.5081253128247277,2,Corporate,NSW,Low,46.2528
Frank Atkinson,-1.230136640849851,-0.1639282187043774,-0.4672646960882043,0,Home Office,NSW,Critical,108.446
Frank Carlisle,1.8806707655625243,-0.6560251190436133,-0.505761812987283,2,Corporate,VIC,Not Specified,75.5384
Frank Hawley,-0.7877850880548553,-0.1639282187043774,-0.3671038122593814,0,Home Office,NSW,Medium,1012.1166
Frank Merwin,0.6301309703636986,0.2051444565500494,-0.3890638874556665,2,Consumer,NSW,Not Specified,118.8
Frank Price,-0.7495276564617745,-0.1639282187043774,-0.3452681844621366,0,Consumer,VIC,Medium,506.2464
Fred Chung,-0.0369829930406463,-0.5330008939588043,-0.4587418731911679,0,Consumer,NSW,Low,242.4224
Fred McMath,-0.1087156772776727,-0.6560251190436133,-0.4896288137349152,0,Home Office,VIC,Critical,275.4388
Fred Wasserman,-1.0436316618335826,0.8202655819740942,-0.3344931864632173,0,Consumer,NSW,Not Specified,126.0864
Fredhen Memon,0.0467051385692176,-0.6560251190436133,-0.5085919179364609,0,Corporate,NSW,Medium,40.4712
Fren Wabre,0.0347496911963799,-0.6560251190436133,-0.4980139374411326,0,Consumer,NSW,High,171.5406
Gaorge Cnr Hugher,-1.2731762513920668,-0.6560251190436133,-0.5061183685054159,0,Small Business,NSW,Medium,71.12039999999999
Garry Greene,0.4914477808387809,-0.6560251190436133,-0.5093413624481143,2,Corporate,NSW,Critical,31.185
Gary Hansen,0.6946903861770223,0.4511929067196673,0.1537278251237817,2,Small Business,NSW,High,938.52
Gary Hwang,-1.242092088222689,2.050507832822184,-0.1889798288571216,1,Home Office,NSW,Medium,300.0195
Gary Zandusky,-0.2737008510228332,-0.2869524437891864,-0.473113497868582,0,Corporate,NSW,Critical,23.8464
Gen Letin,2.074349013002496,-0.6560251190436133,-0.4933883680458243,2,Consumer,NSW,Critical,228.855
Gene Hale,0.84293793360021,0.2051444565500494,-0.4654513150904609,2,Corporate,NSW,Critical,161.92
Gene Hell,1.1968191758362066,-0.6560251190436133,-0.5095003355263439,2,Home Office,NSW,Medium,29.2152
George Ashbrook,-0.7399632985635044,2.5426047331614194,4.694365437756358,1,Corporate,VIC,Medium,117.9
George Beck,-0.0585027983117542,-0.6560251190436133,-0.5083781460359561,0,Home Office,VIC,Not Specified,43.120000000000005
George Bell,-0.7806118196311527,-0.6560251190436133,-0.509732863312411,0,Consumer,VIC,Low,26.334
George Zrebassa,-1.146448509239987,2.6656289582462285,0.5151359202031716,1,Home Office,NSW,Medium,125.0106
Gey Krith,1.194428086361639,-0.6560251190436133,-0.5029139206147922,2,Home Office,NSW,Low,110.826
Giulietta Baptist,-1.0555871092064202,1.6814351575677569,1.3156837635988323,1,Home Office,NSW,Medium,581.8176
Giulietta Dortch,-0.5152008879541552,0.8202655819740942,5.267210374011169,1,Corporate,VIC,Not Specified,5.3568
Giulietta Weimer,-1.2731762513920668,1.1893382572285212,-0.2883907839431665,0,Home Office,NSW,Medium,52.43999999999999
Grant Carroll,-1.2157901040024457,3.280750083670273,1.663386802355474,1,Home Office,NSW,Medium,847.7248
Grant Thornton,-1.007765319715069,0.5742171318044763,0.2593626432078181,0,Small Business,NSW,Not Specified,549.7280999999999
Grean Thornton,0.30733389129708,-0.6560251190436133,-0.5040322039741078,2,Corporate,NSW,High,96.9696
Greg Guthrie,0.4675368860931055,-0.1639282187043774,-0.4622949432799985,2,Home Office,NSW,Low,39.312
Greg Hansen,-0.7112702248686938,0.8202655819740942,-0.0546252950509159,0,Home Office,VIC,Medium,72.41850000000001
Greg Tran,0.1734328807212975,0.4511929067196673,0.2457901451554487,0,Consumer,VIC,High,1010.6304
Gregh Bank,-0.7351811196143694,-0.6560251190436133,-0.4918271261946971,0,Corporate,NSW,Medium,248.2
Grobbarah Frawer,1.3904974232761778,-0.6560251190436133,-0.4810434765996836,2,Home Office,NSW,High,381.8178
Guy Armstrong,-1.2851316987649046,0.9432898070589032,0.3971404973729987,0,Small Business,NSW,Medium,230.826
Harold Dahlen,-0.8356068775462062,1.31236248231333,1.747637473601872,1,Corporate,NSW,High,62.6704
Harold Pawlan,-1.3544732935273631,1.066314032143712,1.855219126781612,1,Corporate,VIC,Medium,313.32
Harold Ryan,0.548833928228402,-0.2869524437891864,0.4420134047854345,2,Corporate,NSW,Low,125.7344
Harry Golzay,-0.369344430005535,-0.6560251190436133,-0.5075248662301356,0,Corporate,NSW,Critical,53.6928
Harry Greene,-0.6251910037842623,-0.1639282187043774,-0.4963026646465449,0,Small Business,NSW,Critical,12.1056
Haura Armstrong,-0.0250275456678086,-0.6560251190436133,-0.5005561992687686,0,Corporate,NSW,High,140.04
Heather Kirkland,-0.689750419597586,-0.6560251190436133,-0.4158486801678,0,Home Office,VIC,High,1189.632
Helen Andreada,1.2709429495478004,0.4511929067196673,2.31655131666986,1,Corporate,NSW,Not Specified,159.84
Henny Holldon,-0.127844393074213,-0.6560251190436133,-0.4891523948723887,0,Corporate,NSW,Medium,281.342
Henry Goldwyn,-0.3310869984124543,0.5742171318044763,1.1197481533979383,0,Corporate,VIC,High,51.8
Hilary Holden,1.2565964127003952,-0.6560251190436133,-0.4378486075856456,2,Small Business,NSW,Low,917.0358
Hirlia Sunley,0.838155754651075,-0.6560251190436133,-0.4443413076335359,2,Small Business,NSW,High,836.5862
Hoy Smith,1.840022244494876,-0.6560251190436133,-0.4726465457245429,2,Consumer,VIC,Medium,485.86230000000006
Hunter Glantz,-0.7519187459363421,-0.4099766688739953,-0.4477757572378595,0,Corporate,NSW,Not Specified,91.2
Ionia McGrath,0.3742843965849712,-0.5330008939588043,1.5683670407298782,0,Corporate,NSW,Not Specified,4851.072000000001
Jack Lebron,-0.048938440413484,-0.2869524437891864,0.0183094274661546,0,Small Business,VIC,High,116.012
Jack OBriant,-1.2086168355787432,1.6814351575677569,6.705733732975877,1,Corporate,NSW,High,5759.904
Jam Mailer,0.5560071966521046,-0.6560251190436133,-0.5088644432134258,2,Corporate,NSW,High,37.0944
James Galang,0.1566952543993247,-0.5330008939588043,-0.4346886443943418,0,Corporate,NSW,Low,757.7389999999999
Jamie Kunitz,-0.3669533405309675,0.2051444565500494,-0.3801970909792199,0,Corporate,NSW,Critical,303.7986
Jan Machine,1.8280667971220383,-0.6560251190436133,-0.3117328547692631,2,Consumer,NSW,Low,2479.708
Janet Lee,-0.2210968825823472,-0.4099766688739953,-0.022153183567964,0,Corporate,NSW,Medium,5814.0624
Janet Martin,-0.3645622510563999,0.4511929067196673,-0.3275734026338858,0,Corporate,VIC,Low,14.3352
Jarie Kunitz,-0.4602058300391017,-0.6560251190436133,-0.4795487681050863,0,Corporate,NSW,Critical,400.3384
Jasper Cacioppo,-0.983854424969394,2.6656289582462285,3.432727245637148,1,Corporate,NSW,High,104.1144
Jeenine Kunder,-1.242092088222689,-0.6560251190436133,-0.5061999130268104,0,Corporate,NSW,Medium,70.11
Jegerrin Martin,1.8806707655625243,-0.6560251190436133,-0.4434799088858584,2,Home Office,VIC,Not Specified,847.2596
Jelar Gacuratha,-0.1374087509724832,-0.6560251190436133,-0.5059520835372038,0,Consumer,NSW,Not Specified,73.1808
Jena Casterl,-0.6323642722079649,-0.6560251190436133,-0.5085044657953453,0,Consumer,NSW,Low,41.55479999999999
Jename Hans,-0.1684929141418613,-0.6560251190436133,1.0981835013380603,0,Consumer,VIC,Low,19949.667500000003
Jenna Caffey,-0.3119582826159139,0.2051444565500494,0.0459411726974128,0,Consumer,NSW,High,72.3814
Jennifer Braxton,0.4053685597543494,-0.6560251190436133,-0.508105846733516,2,Corporate,NSW,Not Specified,46.494
Jennifer Jackson,-1.2277455513752835,-0.1639282187043774,0.2157366309414104,0,Consumer,NSW,Not Specified,5751.536700000001
Jennifer Patt,1.010314196819938,0.4511929067196673,0.6220095871260477,2,Home Office,NSW,Critical,1339.5752
Jennis Pardel,-0.8690821301901518,-0.6560251190436133,-0.5099098659295157,0,Corporate,VIC,Critical,24.1408
Jere Hund,0.8525022914984801,-0.6560251190436133,-0.5081450694546144,2,Small Business,VIC,Not Specified,46.008
Jeremy Lonsdale,0.9601013178540196,-0.4099766688739953,-0.3341654426970024,2,Corporate,NSW,High,63.8066
Jeremy Pistek,-1.3496911145782282,3.526798533839892,0.3480765130829031,1,Consumer,NSW,High,18.72
Jesus Ocampo,-0.689750419597586,1.435386707398139,-0.215848837432354,0,Home Office,VIC,Not Specified,97.461
Jiel Smearn,1.6272152812583645,-0.6560251190436133,-0.5110304090340797,2,Corporate,VIC,Medium,10.2564
Jill Fjeld,0.7616408914649134,-0.5330008939588043,0.8712872828983189,2,Corporate,NSW,High,16593.612
Jill Stevenson,-1.330562398781688,-0.1639282187043774,-0.3587602517246981,0,Corporate,NSW,High,25.938
Jim Epp,1.8352400655457408,-0.6560251190436133,-0.4651259763388319,2,Corporate,NSW,Not Specified,579.048
Jim Karlsson,-0.768656372258315,-0.6560251190436133,-0.5081566910016065,0,Corporate,NSW,Critical,45.864
Jim Kriz,-1.1081910776469062,2.788653183331037,0.813986067157999,1,Home Office,NSW,Medium,1440.57
Jim Mitchum,0.9218438862609388,-0.5330008939588043,-0.2991828591597492,2,Corporate,NSW,Not Specified,1203.9399999999998
Jim Sink,0.4268883650254572,-0.6560251190436133,-0.4977925953940455,2,Corporate,NSW,Critical,174.28320000000002
Jind Marthon,-0.7877850880548553,-0.6560251190436133,-0.5110301184954049,0,Home Office,VIC,Critical,10.259999999999998
Jiner Carlon,-0.0871958720065648,-0.6560251190436133,-0.503015770561348,0,Small Business,NSW,Not Specified,109.564
Jiz Kallsten,-0.4602058300391017,-0.6560251190436133,-0.5106954179420322,0,Home Office,VIC,High,14.4072
Jizlia MacKendrick,-0.4649880089882368,-0.6560251190436133,-0.5079126385147722,0,Small Business,VIC,High,48.888
Jock OBriant,0.0730071227894606,-0.6560251190436133,-0.0476793062472209,0,Home Office,VIC,High,5751.536700000001
John Castell,-1.0436316618335826,0.5742171318044763,1.4494946107687765,1,Small Business,NSW,Medium,410.4276
John Dryer,1.541136060173933,-0.4099766688739953,0.1720572160524702,2,Corporate,VIC,Not Specified,195.822
John Huston,-0.8260425196479361,-0.4099766688739953,-0.4352096609434504,0,Home Office,NSW,Critical,29.1776
John Lee,-0.7997405354276931,1.927483607737375,0.1292467377757148,1,Home Office,VIC,Not Specified,140.175
John Lucas,-0.7567009248854772,2.6656289582462285,0.3403713225103925,1,Corporate,NSW,Medium,40.404
John Murra,1.471794465411474,-0.6560251190436133,-0.5078551764213112,2,Small Business,NSW,Medium,49.6
John Murray,-1.2110079250533106,0.2051444565500494,2.3228924685167653,1,Small Business,NSW,Not Specified,2549.6328000000003
Jona Lucar,1.703730144444526,-0.6560251190436133,-0.4922415634732656,2,Small Business,NSW,Critical,243.0648
Jonathan Doherty,-1.1847059408330676,-0.2869524437891864,-0.3923953491702914,0,Corporate,NSW,Medium,617.688
Jonathan Dohery,-0.8236514301733685,-0.6560251190436133,-0.4916558052227885,0,Corporate,NSW,Medium,250.32280000000003
Jonathan Howell,0.2714675491785668,-0.5330008939588043,-0.4340384511222083,2,Small Business,VIC,Critical,213.1866
Jone Willina,-0.5749781248183439,-0.6560251190436133,-0.5114303355199455,0,Small Business,NSW,Low,5.300999999999999
Jonest Rantza,-0.1374087509724832,-0.6560251190436133,-0.5079387869955044,0,Consumer,VIC,Low,48.564
Joni Murtas,1.0390072705147486,-0.6560251190436133,-0.4978495409743069,2,Small Business,VIC,High,173.57760000000002
Joni Sundaresam,-1.1392752408162845,-0.5330008939588043,-0.4688194250307047,0,Home Office,NSW,Critical,444.8565
Joni Wasserman,0.0156209753998396,-0.1639282187043774,-0.33824731738553,0,Home Office,NSW,Medium,36.54
Jonit MacIntyre,1.5004875391062846,-0.6560251190436133,-0.4983151776237906,2,Corporate,NSW,Medium,167.808
Joseph Airdo,0.0251853332981097,1.1893382572285212,-0.3026553612599533,0,Small Business,NSW,Not Specified,159.6322
Joseph Ardolo,0.5942646282451853,-0.6560251190436133,-0.5048077485433811,2,Consumer,NSW,Medium,87.36
Joukine Gilding,-0.6227999143096947,-0.6560251190436133,-0.4854852318600669,0,Corporate,VIC,Medium,326.781
Joy Bell,-0.4769434563610745,-0.5330008939588043,-0.3000698898749592,0,Home Office,NSW,Low,2440.2000000000003
Joy Daniels,-1.3688198303747685,0.0821202314652404,1.368068249839098,0,Corporate,NSW,Medium,28.8288
Joy Smith,0.4316705439745923,0.0821202314652404,1.2660636398620522,0,Home Office,VIC,Not Specified,179.6016
Ju Letch,1.194428086361639,-0.6560251190436133,-0.0869547843266147,2,Small Business,NSW,Medium,5264.883
Julia Barnett,-1.3640376514256336,1.31236248231333,0.4282548732054854,1,Small Business,NSW,High,49.9408
Julia Dunbar,0.3790665755341064,1.066314032143712,-0.3101289682970899,0,Consumer,NSW,Medium,134.541
Juliana Krohn,0.9959676599725328,-0.6560251190436133,-0.5066254311276153,2,Consumer,NSW,Low,64.8375
Julie Dunbar,0.3790665755341064,-0.6560251190436133,-0.1403400794553503,2,Corporate,NSW,Critical,4603.3977
Julie Kriz,1.7443786655121742,-0.2869524437891864,-0.4607165354355017,2,Corporate,NSW,Critical,169.6968
Julie Prescott,-0.0513295298880516,0.5742171318044763,1.0127400800558912,0,Corporate,NSW,Critical,206.0136
Justin Ellison,1.1346508494974503,-0.1639282187043774,-0.3828307433611188,2,Small Business,NSW,Critical,194.1476
Justin Hirsh,1.419190496970988,-0.4099766688739953,-0.2450488862186408,2,Corporate,NSW,Critical,316.92
Justin Kanez,-1.2014435671550403,-0.6560251190436133,-0.5077441260833867,0,Corporate,NSW,Not Specified,50.976
Justin Knight,-0.9599435302237184,2.296556282991802,-0.001374043168008,1,Small Business,NSW,Critical,140.6532
Kand Hare,-0.5893246616657491,-0.6560251190436133,-0.505817854669445,0,Consumer,NSW,Low,74.844
Karen Ferguson,0.0156209753998396,-0.4099766688739953,-0.4447134069707707,0,Small Business,NSW,High,395.773
Karl Brofe,0.9864033020742626,-0.6560251190436133,-0.4945674869754359,2,Corporate,NSW,Not Specified,214.2448
Karl Brown,-0.4052107721240482,1.927483607737375,1.1400042273370252,1,Small Business,NSW,Low,744.0552
Kather Buire,1.713294502342796,-0.6560251190436133,-0.3933617615078726,2,Home Office,NSW,Medium,1468.2623999999998
Katherine Ducich,-1.0125474986642045,-0.1639282187043774,-0.1254905186578858,0,Small Business,NSW,High,3610.152
Katherine Murray,-0.8786464880884219,-0.5330008939588043,-0.4912745297057412,0,Corporate,NSW,Medium,217.4172
Katherine Nockton,0.4268883650254572,-0.4099766688739953,-0.4117290919451792,2,Consumer,VIC,Critical,213.3806
Katrina Edelman,-0.1230622141250779,0.4511929067196673,-0.1333518737681029,0,Home Office,NSW,Not Specified,43.570800000000006
Katrina Willman,0.4340616334491599,-0.4099766688739953,-0.50586931229696,2,Corporate,VIC,Not Specified,41.7024
Kean Takahito,-0.0800226035828621,-0.4099766688739953,-0.040996521271341,0,Small Business,NSW,Not Specified,157.2648
Kean Thornton,-1.356864383001931,2.9116774084158465,-0.2417061419188111,1,Corporate,NSW,Critical,1.52
Kean Thrrason,-1.2277455513752835,-0.6560251190436133,-0.5096979986714347,0,Corporate,NSW,High,26.766
Keith Dawkins,-0.0011166509221331,-0.1639282187043774,0.2515562806123261,0,Consumer,NSW,High,116.82
Keith Herrera,-0.9240771881052052,0.2051444565500494,-0.34336380029503,0,Small Business,VIC,Medium,589.0228
Kelly Collister,0.6229577019399959,-0.4099766688739953,-0.5004380952974613,2,Home Office,VIC,Medium,69.66
Kelly Lampkin,-0.2497899562771578,0.3281686816348583,-0.4708612097794367,0,Corporate,NSW,Not Specified,3.85
Kelly Williams,-0.983854424969394,0.9432898070589032,0.3719599220243069,0,Small Business,VIC,High,259.296
Ken Dana,-0.4123840405477508,-0.2869524437891864,-0.4914381433322488,0,Home Office,NSW,High,16.652
Ken Danat,-1.2612208040192292,-0.6560251190436133,-0.5074368652937453,0,Home Office,NSW,Not Specified,54.7832
Ken Heidel,-1.3544732935273631,-0.2869524437891864,0.4894088981008072,0,Home Office,NSW,Medium,5.5836
Ken Lonsdale,-1.242092088222689,0.3281686816348583,-0.3206113131452955,0,Corporate,VIC,Low,48.1572
Ken Lonsdalel,1.2709429495478004,-0.6560251190436133,-0.3168480141136889,2,Small Business,VIC,Critical,2416.3272
Ken Plitt,1.3331112758865566,-0.6560251190436133,-0.498682709047416,2,Corporate,NSW,Low,163.25400000000002
Khith Dawkins,0.2738586386531344,-0.6560251190436133,-0.4981454546145933,2,Small Business,NSW,Medium,169.911
Kol Adams,-0.0967602299048349,-0.6560251190436133,0.2396560263258961,0,Consumer,VIC,Critical,9311.8448
Kristina Nunn,1.471794465411474,0.4511929067196673,-0.3666083631136553,2,Corporate,NSW,Low,221.55900000000003
Lany Sayre,-0.742354388038072,-0.6560251190436133,-0.4993118221245887,0,Consumer,VIC,Critical,155.4588
Larry Green,0.948145870481182,-0.6560251190436133,-0.4827450163486654,2,Small Business,NSW,Medium,360.7344
Larry Hughes,-0.1493641983453209,0.0821202314652404,-0.1333155967863462,0,Home Office,VIC,Low,103.2516
Larry Tron,-0.1924038088875367,2.5426047331614194,1.638029506857834,1,Small Business,NSW,Medium,47.04
Laura Armstrong,-1.0723247355283931,0.6972413568892852,-0.3126199984717355,0,Small Business,VIC,Not Specified,223.1256
Laurel Elliston,-1.2086168355787432,-0.0409039936195684,-0.4845516584632572,0,Consumer,NSW,Low,75.9577
Laurel Workman,-1.3377356672053906,-0.2869524437891864,-0.4493406873160529,0,Home Office,NSW,High,40.032
Lauren Leatherbury,0.0275764227726773,0.6972413568892852,-0.0217429671706989,0,Small Business,NSW,Medium,385.8756
Laurien Vistorini,-0.0130720982949709,-0.6560251190436133,-0.470916702666324,0,Home Office,NSW,High,507.2964
Lcoras Songe,-0.5223741563778579,-0.6560251190436133,-0.4914178540481251,0,Small Business,NSW,Not Specified,253.2712
Lena Creighton,-1.2325277303244186,2.4195805080766104,-0.1855667903390272,1,Small Business,NSW,Low,88.6704
Lena Creightor,-0.584542482716614,-0.5330008939588043,-0.4977912395468964,0,Home Office,NSW,Low,109.62
Lena Radford,1.1872548179379363,-0.2869524437891864,-0.388740049820524,2,Home Office,NSW,Low,1353.17
Lie Pelle Rcce,-1.098626719748636,-0.6560251190436133,-0.5031529693800049,0,Corporate,VIC,Not Specified,107.864
Linda Southworth,-0.5558494090218035,0.5742171318044763,2.467027583284266,1,Home Office,NSW,Critical,19.11
Lindsay Castell,-0.8523445038681791,0.4511929067196673,0.402152313724901,0,Consumer,NSW,High,3293.5679999999998
Lindsay Shagiari,-0.983854424969394,0.6972413568892852,-0.2343908381068482,0,Corporate,NSW,Low,233.784
Lisa DeCherney,-1.1057999881723388,0.3281686816348583,1.2483152052251878,0,Consumer,NSW,Not Specified,19007.6832
Lisa Gouktamey,-0.5964979300894517,-0.6560251190436133,-0.4778023724129224,0,Small Business,VIC,High,421.9776
Lisa Hazard,-1.2755673408666344,-0.2869524437891864,0.1652284111809455,0,Consumer,VIC,Low,28.044
Lisa Hizard,1.6367796391566347,-0.6560251190436133,-0.5022981077525105,2,Home Office,VIC,Critical,118.4564
Liz Carlisle,-1.151230688189122,-0.4099766688739953,-0.4976791965351663,0,Home Office,NSW,Critical,13.6864
Liz MacKendrick,0.0682249438403256,0.4511929067196673,0.8420842560906154,0,Corporate,VIC,High,188.462
Liz Pelletier,1.6893836075971207,-0.2869524437891864,-0.4721428888612537,2,Home Office,NSW,Not Specified,243.0276
Liz Price,0.6659973124822117,0.0821202314652404,-0.4417963744641957,2,Corporate,NSW,High,95.076
Liz Willingham,1.0342250915656137,1.435386707398139,-0.3010438562180853,2,Home Office,VIC,Critical,98.5908
Lizard Blumshen,0.4173240071271871,-0.6560251190436133,0.1617202696699658,2,Corporate,VIC,Medium,8346.1602
Logan Haushalter,-1.1392752408162845,0.2051444565500494,2.280351553636596,1,Corporate,VIC,Medium,61.75
Lona Radford,1.1442152073957206,-0.6560251190436133,-0.5031915787416787,2,Consumer,NSW,High,107.3856
Lugen Donell,-1.127319793443447,-0.6560251190436133,-0.504136281383837,0,Home Office,NSW,Medium,95.68
Luke Foster,-1.1679683145110948,-0.2869524437891864,1.47851835100257,0,Corporate,NSW,High,59.6232
Luke Weiss,-1.3377356672053906,-0.4099766688739953,-0.4179117791565362,0,Small Business,NSW,Medium,180.0708
Luzen McCrida,1.851977691867713,-0.6560251190436133,-0.4717900377112246,2,Corporate,NSW,Low,496.47510000000005
Lycoris Saunders,-0.3215226405141841,0.3281686816348583,-0.3792689813236002,0,Corporate,NSW,Not Specified,620.024
Lyna Chang,-0.8284336091225035,-0.6560251190436133,-0.5095138939978346,0,Corporate,NSW,High,29.0472
Lynn Smith,0.0993091070097036,0.2051444565500494,-0.3926993252588038,0,Home Office,NSW,Medium,21.294
Macc Creighton,0.6373042387874012,-0.6560251190436133,-0.508263350977334,2,Corporate,NSW,Medium,44.5424
Macc Crier,-1.2707851619174992,-0.6560251190436133,-0.5074398998087932,0,Corporate,NSW,Critical,54.7456
Macca Stiss,-0.6777949722247483,-0.6560251190436133,-0.5105152193995046,0,Small Business,NSW,Low,16.64
Mack Vonner,-0.5247652458524255,-0.6560251190436133,-0.5057754844460363,0,Corporate,NSW,Not Specified,75.36899999999999
Magdelene Morse,-0.6849682406484509,0.9432898070589032,0.8709537202880893,1,Home Office,NSW,Low,43.71
Magdelene Mosse,0.6946903861770223,-0.6560251190436133,-0.506854238404541,2,Corporate,NSW,Low,62.0024
Marc Crier,-1.1225376144943116,0.9432898070589032,-0.3206542805870913,0,Corporate,NSW,Critical,36.531
Maria Bertelson,-0.4865078142593447,0.5742171318044763,-0.3455725721471048,0,Home Office,NSW,Critical,15.397199999999998
Maria Zettner,-0.9814633354948264,-0.2869524437891864,-0.4332484280423074,0,Consumer,NSW,Critical,67.4344
Marian Bern,0.84293793360021,-0.6560251190436133,-0.5102909881067069,2,Home Office,NSW,Medium,19.4184
Mariart Ferne,-1.242092088222689,-0.6560251190436133,-0.5034669125591666,0,Consumer,NSW,High,103.974
Maribeth Dona,-0.8906019354612598,-0.5330008939588043,-0.4017850426267141,0,Small Business,VIC,High,1139.981
Marina Lichtensneick,1.1298686705483154,-0.6560251190436133,-0.5046481459646894,2,Consumer,NSW,Medium,89.3376
Marina Lichtenstein,1.5793934917670136,-0.6560251190436133,-0.4874807967479491,2,Small Business,NSW,Medium,302.0544
Mark Hanes,0.7186012809226977,-0.6560251190436133,-0.4563129698698175,2,Home Office,NSW,Critical,688.2479999999999
Mark Packer,-1.3162158619342823,-0.5330008939588043,-0.4552103029642727,0,Consumer,NSW,Not Specified,37.2645
Mark Van Huff,1.273334039022368,-0.4099766688739953,0.835084420785857,2,Small Business,NSW,Critical,178.92
MaryBeth Skach,-1.383166367222174,-0.5330008939588043,0.6126942392882997,0,Small Business,VIC,Low,13862.678200000002
Mathew Reese,1.199210265310774,-0.5330008939588043,-0.3280250127217916,2,Consumer,NSW,Not Specified,118.0872
Matt Collister,-1.292304967188607,1.558410932482948,0.1486246101470975,1,Corporate,NSW,Low,789.0368
Matt Connell,-1.2014435671550403,-0.5330008939588043,-0.2875120335801883,0,Corporate,NSW,Not Specified,2634.8544
Matthew Clasen,-1.0484138407827177,1.435386707398139,0.3093115679487688,1,Small Business,NSW,Not Specified,105.336
Matthew Grinstein,-1.213399014527878,0.6972413568892852,-0.4213601100531005,0,Small Business,NSW,Not Specified,110.826
Maureen Gastineau,-0.9432059039017456,-0.6560251190436133,-0.479914394886288,0,Corporate,NSW,Not Specified,395.808
Maurice Satty,-1.2755673408666344,0.4511929067196673,-0.3021480161695979,0,Consumer,NSW,Medium,92.274
Max Engle,0.0251853332981097,-0.5330008939588043,-0.4820104054504644,0,Home Office,NSW,Low,249.28
Max Jonel,1.6798192496988504,-0.6560251190436133,-0.5091627295862232,2,Consumer,NSW,Not Specified,33.398399999999995
Max Jones,-1.383166367222174,0.8202655819740942,-0.2866230094468484,0,Corporate,VIC,Low,365.1274
Maxwell Schwartz,-0.1254533035996455,-0.5330008939588043,-0.4970105621277016,0,Home Office,NSW,High,33.462
May Stewart,1.5435271496485006,-0.6560251190436133,0.1718338725167343,2,Corporate,NSW,Not Specified,8471.4756
Maya Herman,0.4221061860763221,0.6972413568892852,1.1232693530082474,1,Corporate,NSW,High,429.828
Meal Prost,1.4813588233097443,-0.6560251190436133,-0.4231176914842443,2,Corporate,NSW,Low,1099.5633
Melan DeCherney,-0.2354434194297525,-0.6560251190436133,-0.5107192421133661,0,Home Office,NSW,High,14.111999999999998
Melanie Page,0.9720567652268574,-0.6560251190436133,-0.4916424727258225,2,Consumer,VIC,Not Specified,250.488
Michael Chel,-0.3669533405309675,-0.6560251190436133,-0.5035535899304828,0,Corporate,NSW,High,102.9
Michael Grace,1.5554825970213382,-0.1639282187043774,-0.4284386571271741,2,Consumer,NSW,Not Specified,118.2144
Michael Granlund,1.5913489391398514,-0.6560251190436133,-0.5081038129627924,2,Small Business,NSW,Low,46.5192
Michael Kennody,-0.5247652458524255,-0.6560251190436133,-0.4705309157292985,0,Corporate,NSW,Medium,512.0766
Michael Nguyen,0.627739880889131,-0.5330008939588043,-0.4985711421962917,2,Consumer,NSW,Critical,131.75039999999998
Michael Oakman,-0.3023939247176438,5.372161910112025,2.758655108264394,1,Consumer,VIC,Not Specified,132.6528
Michael Paige,-1.1870970303076351,-0.0409039936195684,-0.207024572589691,0,Small Business,VIC,Not Specified,718.254
Michael Stewart,-0.9336415460034756,-0.5330008939588043,-0.1411491408889696,0,Home Office,NSW,High,4365.9428
Michelle Arnett,-0.9455969933763132,-0.6560251190436133,-0.504825374556319,0,Corporate,NSW,High,87.14160000000001
Michelle Huthwait,-1.3640376514256336,-0.6560251190436133,-0.0511242475259126,0,Corporate,NSW,Medium,5708.851199999999
Michelle Huthwaite,-0.9169039196815028,-0.4099766688739953,-0.4940022117015324,0,Corporate,NSW,Medium,44.0768
Michelle Lonsdale,0.1519130754501896,-0.2869524437891864,-0.1226138387450334,0,Consumer,NSW,High,132.48
Michelle Moray,-0.7256167617160991,1.1893382572285212,2.0742811393361915,1,Small Business,NSW,High,163.9872
Mick Barreto,-1.1536217776636897,-0.6560251190436133,-0.4354247886911043,0,Consumer,NSW,Not Specified,947.0688
Mick Brown,1.997834149816334,-0.2869524437891864,-0.4635274971142176,2,Corporate,NSW,Low,250.8288
Mick Crebagga,1.567438044394176,-0.6560251190436133,-0.5041182034218493,2,Corporate,NSW,Not Specified,95.904
Mickael Khring,0.0467051385692176,-0.6560251190436133,-0.462543281212286,0,Small Business,VIC,High,611.0495999999999
Mihch Gernen,1.7324232181393364,-0.6560251190436133,-0.4417598876489517,2,Home Office,NSW,Low,868.572
Mike Gockenbach,0.1088734649079738,1.804459382652566,-0.0126306897256002,1,Consumer,VIC,Medium,2.664
Mike Kennedy,-1.0627603776301229,2.9116774084158465,4.472703160555925,1,Consumer,VIC,High,1023.3344
Mike Konness,1.7324232181393364,-0.6560251190436133,-0.4952625846138639,2,Home Office,VIC,Not Specified,205.632
Mike Vittorini,-0.022636456193241,-0.6560251190436133,-0.4638067047807029,0,Small Business,NSW,Medium,595.3948
Miklet Nandell,0.2714675491785668,-0.6560251190436133,-0.5108067911007066,2,Small Business,VIC,Critical,13.0272
Miran Bettner,1.1226954021246127,-0.6560251190436133,-0.4654184519381333,2,Home Office,VIC,Low,575.424
Miran Jacobs,2.028918312985712,-0.6560251190436133,-0.5054273706905101,2,Corporate,VIC,High,79.68239999999999
Mitch Gaftin,1.8806707655625243,-0.6560251190436133,-0.4718542064057622,2,Small Business,NSW,Medium,495.68
Mitch Gastineau,1.7682895602578497,-0.1639282187043774,-0.3059971451680524,2,Home Office,NSW,Medium,1216.6807
Mitch Webber,-0.1661018246672937,0.3281686816348583,1.3004704968036274,0,Home Office,NSW,Medium,90.896
Molie Backet,0.8309824862273723,-0.6560251190436133,-0.5069732301329102,2,Home Office,VIC,High,60.528000000000006
Mone Answer,0.5966557177197529,-0.6560251190436133,-0.4941643484231097,2,Small Business,NSW,High,219.24
Monica Federle,-1.2636118934937963,2.296556282991802,0.4135140707186218,1,Corporate,NSW,High,62.26559999999999
Muga Zarlton,0.70664583354986,-0.6560251190436133,-0.5059711945255908,2,Home Office,VIC,High,72.94399999999999
Muhammed Yedwab,-1.3018693250868774,-0.1639282187043774,-0.1180074771843369,0,Small Business,NSW,Not Specified,49.0392
Muria Zettner,-1.2731762513920668,-0.5330008939588043,-0.4984061162290038,0,Consumer,NSW,Low,119.28
Murichelle Moray,1.022269644192776,-0.6560251190436133,-0.5077114889055838,2,Home Office,NSW,Medium,51.3804
Muth Yarre,1.1824726389888014,-0.6560251190436133,-0.501537768040552,2,Corporate,NSW,Low,127.8776
Nancy Lomonaco,1.6224331023092295,0.9432898070589032,-0.1896735464368442,2,Small Business,NSW,Low,40.352
Nara Carroll,1.8687153181896865,-0.6560251190436133,-0.5106564857596086,2,Corporate,NSW,Not Specified,14.8896
Nara Price,1.4694033759369065,-0.6560251190436133,-0.457885510447187,2,Consumer,VIC,Low,668.763
Naresj Patel,-1.1034088986977713,2.1735320579069928,0.9836491124009556,1,Small Business,NSW,High,92.6156
Nat Carroll,0.1423487175519194,-0.2869524437891864,-0.390441363594981,0,Home Office,VIC,Medium,452.5444
Nat Gilpin,1.2948538442934758,-0.5330008939588043,-0.496493241876178,2,Home Office,NSW,Medium,47.2472
Natalie Webber,2.0265272235111444,-0.4099766688739953,-0.1864686223856147,2,Home Office,NSW,High,229.824
Nathan Gauner,-0.5486761405981009,-0.6560251190436133,-0.4829616613538433,0,Corporate,NSW,High,358.05
Nathan Gelder,-1.0340673039353123,-0.4099766688739953,-0.266636555397979,0,Consumer,VIC,Medium,8.2644
Nathan Geldres,0.065833854365758,-0.6560251190436133,-0.5032417450861946,0,Small Business,VIC,Critical,106.764
Nathan Mautz,0.0897447491114334,0.5742171318044763,1.273173661959229,1,Consumer,VIC,High,917.7705
Neil French,-0.0274186351423761,-0.1639282187043774,-0.3508746124235789,0,Corporate,NSW,Critical,262.8
Neil Knudson,-0.8164781617496658,3.157725858585464,3.5740541911254176,1,Home Office,NSW,Critical,8034.599999999999
Nick Crebassa,-0.6227999143096947,-0.6560251190436133,-0.4954869773170364,0,Small Business,NSW,Critical,202.8516
Nick Zandusky,1.304418202191746,1.066314032143712,0.568703108683371,2,Home Office,VIC,Not Specified,325.08
Nicole Brennan,-1.127319793443447,0.9432898070589032,1.0312049588532628,1,Small Business,NSW,Not Specified,159.6322
Nicole Hansen,0.5464428387538345,-0.6560251190436133,-0.0137142295017205,2,Corporate,NSW,Critical,6172.3904
Nivek Grady,-0.8140870722750982,-0.6560251190436133,-0.507625973688967,0,Corporate,VIC,Low,52.43999999999999
Noah Childs,1.9213192866301725,-0.1639282187043774,1.2255141174115738,2,Consumer,NSW,High,78.96
Noel Staavos,-0.4865078142593447,-0.1639282187043774,-0.4710010395872042,0,Small Business,NSW,Medium,52.80800000000001
Nona Balk,-0.0871958720065648,-0.5330008939588043,0.0762313952262278,0,Small Business,VIC,Medium,75.9066
Nora Paige,-0.8045227143768281,1.6814351575677569,0.9947416368893592,1,Home Office,NSW,Critical,222.9768
Nora Pelletier,-0.0824136930574297,-0.1639282187043774,-0.4386750448461218,0,Consumer,NSW,Low,177.94
Nora Price,-1.2636118934937963,2.5426047331614194,0.1824304232756937,1,Small Business,NSW,Medium,29.8368
Norah Price,-0.0776315141082946,-0.6560251190436133,-0.4993504637683374,0,Consumer,NSW,High,154.98
Odella Nelson,-1.0555871092064202,0.2051444565500494,-0.4507460874502235,0,Corporate,NSW,Low,131.92
Olvera Toch,-0.3908642352766429,1.6814351575677569,-0.2368660016416422,0,Corporate,VIC,Medium,28.8288
Otrick Jones,0.6612151335330766,-0.6560251190436133,-0.5039983077953807,2,Corporate,VIC,Medium,97.3896
Pamela Coakley,0.9816211231251276,-0.5330008939588043,-0.1729962794708648,2,Corporate,VIC,Not Specified,670.8403999999999
Pamela Stobb,0.2977695333988098,0.4511929067196673,1.4804666145800909,1,Consumer,NSW,Low,19949.667500000003
Panelope Sewall,1.6965568760208234,-0.6560251190436133,-0.5085576343728342,2,Corporate,NSW,Not Specified,40.896
Parrica Meson,1.2709429495478004,-0.6560251190436133,-0.2899777223259762,2,Home Office,NSW,High,2749.271
Parrick Blostek,-1.1249287039688791,-0.6560251190436133,-0.5050711702752021,0,Corporate,NSW,High,84.09599999999999
Patrick Bzostek,-1.127319793443447,-0.2869524437891864,-0.477742206695682,0,Corporate,NSW,Not Specified,12.9675
Patrick Gardner,-0.4960721721576149,-0.0409039936195684,-0.4224744469287499,0,Corporate,VIC,Not Specified,96.56
Patrick Gardun,-1.3736020093239036,-0.6560251190436133,-0.5063470870066356,0,Home Office,VIC,Critical,68.2864
Patrick Gradz,-1.2612208040192292,-0.6560251190436133,-0.5051820914848267,0,Corporate,VIC,Medium,82.7216
Patrick Groys,-0.7590920143600448,-0.6560251190436133,-0.055923559048753,0,Corporate,NSW,Medium,5649.383999999999
Patrick Jones,-1.1368841513417167,3.772846984009509,1.57923593921439,1,Home Office,VIC,Not Specified,566.577
Patrick Junes,1.194428086361639,-0.6560251190436133,-0.4872196993255264,2,Home Office,NSW,Not Specified,305.2896
Patrick OBrill,-1.256438625070094,2.5426047331614194,2.7917511999745965,1,Home Office,NSW,Not Specified,301.392
Patrick ODonnell,-1.3257802198325528,1.1893382572285212,0.0721634099004595,0,Corporate,NSW,Low,109.56329999999998
Patrick Ryan,0.0108387964507045,-0.0409039936195684,0.0203584837522754,0,Corporate,VIC,Low,1.872
Patt Bawkins,-0.6993147774958561,-0.6560251190436133,1.7639902007975778,0,Small Business,NSW,High,28199.53
Paul Knutson,-1.3783841882730388,0.6972413568892852,3.825088798475777,1,Small Business,NSW,Low,2114.5556
Paul Lucas,1.7826360971052548,0.2051444565500494,-0.4199320882548891,2,Consumer,NSW,Not Specified,125.4
Paul MacIntyre,-1.1440574197654194,0.2051444565500494,0.1061949312267835,0,Consumer,VIC,Medium,1010.7097
Paul Prost,0.2379922965346212,0.0821202314652404,0.0238788440286345,0,Corporate,VIC,Critical,5955.8688
Pauline Chand,-1.2110079250533106,0.8202655819740942,0.7278884173443247,0,Home Office,NSW,High,1799.97
Pauline Chring,-1.1751415829347975,-0.6560251190436133,-0.4926889930324618,0,Home Office,NSW,Not Specified,237.5208
Pauline Webber,0.1662596122975949,0.3281686816348583,2.49285668937823,1,Small Business,NSW,Not Specified,172.4448
Peel Damper,0.2021259544161081,-0.6560251190436133,-0.4865123344986068,0,Corporate,VIC,Not Specified,314.0544
Peel Thomas,1.194428086361639,-0.6560251190436133,-0.5013467550029067,2,Corporate,VIC,Medium,130.2444
Peilin Ludson,1.194428086361639,-0.6560251190436133,-0.5061208865072642,2,Small Business,NSW,Critical,71.0892
Penelo Stobber,2.024136134036577,-0.6560251190436133,-0.4258964114405758,2,Consumer,NSW,Critical,1065.1328
Penelope Sewall,0.1303932701790817,-0.4099766688739953,-0.4791078756660732,0,Home Office,NSW,High,201.531
Penelope Sewart,0.1303932701790817,-0.6560251190436133,-0.1632194916533799,0,Corporate,NSW,High,4319.904
Perel Freme,1.1274775810737478,-0.6560251190436133,-0.5086478466313604,2,Corporate,NSW,Not Specified,39.7782
Pester Thompr,0.9553191389048844,-0.6560251190436133,-0.5053952823079819,2,Corporate,VIC,Not Specified,80.08
Pete Armstrong,-0.9671167986474212,2.6656289582462285,0.6703404374228724,1,Home Office,VIC,Low,199.9404
Peter Buhler,-0.7758296406820175,-0.5330008939588043,-0.3167738299053894,0,Home Office,NSW,Not Specified,44.9856
Peter Fuller,-0.2976117457685087,-0.2869524437891864,-0.4905204446458096,0,Corporate,NSW,High,35.7864
Peter McVee,0.1782150596704326,0.2051444565500494,3.491796582906091,1,Corporate,VIC,Critical,112.5344
Peuline Chand,1.199210265310774,-0.6560251190436133,-0.5109217152876285,2,Corporate,NSW,Critical,11.6032
Philip Brown,-0.0417651719897814,3.895871209094318,1.085432687010626,1,Corporate,VIC,Not Specified,25.5717
Philip Fox,-0.8595177722918816,-0.4099766688739953,-0.4053214309532998,0,Small Business,NSW,Not Specified,1216.9607999999998
Phillip Flathmann,-0.1206711246505104,2.9116774084158465,2.1429745702079743,1,Home Office,NSW,High,18.081
Phillip Flatsman,-0.6299731827333974,-0.6560251190436133,-0.5044947415443936,0,Consumer,NSW,Medium,91.2384
Pres Peremoti,0.8644577388713178,-0.6560251190436133,-0.5059616713134722,2,Consumer,VIC,High,73.062
Pyer Kendd,-0.8523445038681791,-0.6560251190436133,-0.5001526733315427,0,Corporate,NSW,Not Specified,145.04
Quincy Jones,-0.983854424969394,0.5742171318044763,2.056800775049945,1,Home Office,NSW,Medium,1012.2112
Ralph Arnett,0.3479824123647282,-0.6560251190436133,-0.5030112510708511,2,Consumer,NSW,High,109.62
Ralph Knight,-0.5199830669032903,-0.4099766688739953,-0.3954625982422582,0,Consumer,NSW,Critical,1145.8425
Randy Ferguson,-0.1924038088875367,-0.2869524437891864,-0.4785290903437914,0,Corporate,NSW,Low,42.4536
Ray Carlisle,-0.7662652827837474,-0.6560251190436133,-0.4966928419457674,0,Home Office,NSW,Medium,187.91
Raymond Book,-0.0800226035828621,-0.1639282187043774,-0.4772659895961242,0,Corporate,NSW,High,9.8808
Raymond Fair,-1.014938588138772,0.4511929067196673,-0.3777381572576212,0,Corporate,NSW,Critical,181.814
Renkel Kennedy,-0.0369829930406463,-0.6560251190436133,-0.505604308743465,0,Small Business,NSW,Not Specified,77.49
Resan Morkmat,1.646343997054905,-0.6560251190436133,-0.5107152068539937,2,Small Business,NSW,Medium,14.162
Ricardo Emerson,-0.1637107351927262,-0.6560251190436133,-0.5057095805899685,0,Consumer,NSW,High,76.1856
Richard Bierner,-1.0531960197318528,0.5742171318044763,0.8168614154352588,0,Home Office,VIC,High,170.352
Rick Duston,1.160952833717693,0.6972413568892852,0.7479608950524919,2,Home Office,NSW,Low,967.7184
Rick Han,2.074349013002496,-0.6560251190436133,0.595029867174678,2,Small Business,NSW,Not Specified,13715.2029
Rick Hansen,-1.371210919849336,3.526798533839892,4.388544170402466,1,Corporate,NSW,Low,562.12
Rick Reed,2.0791311919516304,-0.1639282187043774,-0.0487873481182497,2,Corporate,NSW,Low,5424.407999999999
Rick Wilson,-1.146448509239987,-0.4099766688739953,-0.5046893701744364,0,Consumer,NSW,Critical,29.1776
Rick Wissen,-0.5486761405981009,-0.6560251190436133,-0.430167459088475,0,Corporate,NSW,Critical,1012.2112
Rick Zandusky,-1.335344577730823,-0.6560251190436133,-0.5098046263650872,0,Small Business,VIC,Critical,25.4448
Ritsa Hightower,-1.2205722829515808,1.927483607737375,4.585129304022437,1,Home Office,NSW,Critical,216.5072
Rob Haberlin,1.5841756707161487,0.4511929067196673,-0.1831179044132654,2,Home Office,VIC,Medium,88.32
Robert Barroso,0.5105764966353213,-0.2869524437891864,0.2933509630473028,2,Consumer,NSW,Critical,149.3712
Robert Gastini,-0.0130720982949709,-0.6560251190436133,-0.5034348564587134,0,Consumer,NSW,High,104.3712
Robert Marley,-0.5749781248183439,-0.2869524437891864,-0.4952936399699927,0,Consumer,NSW,Medium,109.06
Robert Martin,1.3355023653611242,-0.6560251190436133,-0.5040328818976823,2,Consumer,NSW,Critical,96.9612
Roger Demir,-0.395646414225778,-0.4099766688739953,-0.4737663059887886,0,Consumer,NSW,High,329.01880000000006
Roland Black,-1.3759930987984712,-0.2869524437891864,0.3020503043303192,0,Corporate,NSW,Medium,5318.0352
Roland Breen,1.488532091733447,-0.6560251190436133,-0.502660990557339,2,Corporate,NSW,High,113.96
Roland Murray,-1.2110079250533106,0.0821202314652404,-0.3020065157644502,0,Corporate,NSW,Critical,200.312
Rose OBrian,-0.7519187459363421,-0.5330008939588043,-0.5074145906620106,0,Consumer,NSW,Not Specified,17.287200000000002
Roy Collins,-0.7303989406652343,3.280750083670273,0.8654529515580505,1,Home Office,NSW,Not Specified,77.1834
Roy Phan,-1.1536217776636897,1.31236248231333,-0.2940547869853321,0,Corporate,VIC,Medium,315.4452
Roy Skaria,-0.5391117826998307,2.6656289582462285,0.6559531640096129,1,Small Business,NSW,Medium,77.121
Roy Skariaili,1.000749838921668,-0.6560251190436133,-0.4773382853030376,2,Small Business,NSW,Low,427.728
Roynn Steel,-0.1087156772776727,-0.6560251190436133,-0.4891558490544114,0,Corporate,NSW,Low,281.2992
Ruben Ausman,0.7544676230412108,-0.1639282187043774,-0.4106893750858416,2,Home Office,VIC,High,81.48
Ruben Dartt,-0.6323642722079649,-0.4099766688739953,-0.5032128687701267,0,Consumer,NSW,Critical,5.448799999999999
Ryan Crowe,-1.177532672409365,-0.6560251190436133,-0.4166311976652685,0,Corporate,NSW,Low,1179.936
Rycoris Saunders,-0.0513295298880516,-0.6560251190436133,-0.4577582706486609,0,Small Business,NSW,Critical,670.3396
Sally Knutson,-1.2851316987649046,1.066314032143712,1.5736648439840113,1,Small Business,NSW,Not Specified,3275.9454
Sam Craven,0.6110022545671582,0.3281686816348583,-0.1299082641250042,2,Small Business,VIC,Not Specified,49.104000000000006
Samah Collister,-1.127319793443447,-0.6560251190436133,-0.5066191603345507,0,Small Business,NSW,Critical,64.9152
Samah Foster,1.419190496970988,-0.6560251190436133,-0.4559899715686243,2,Home Office,NSW,High,692.2502
Samath Foster,-1.2755673408666344,-0.6560251190436133,-0.4326079839568174,0,Corporate,NSW,Not Specified,981.9712
Sand Connell,0.1375665386027843,-0.6560251190436133,-0.4114478262964139,0,Home Office,VIC,Not Specified,1244.1619999999998
Sandra Flanagan,-0.6227999143096947,-0.5330008939588043,-0.139872756067449,0,Small Business,NSW,High,1681.5722
Sandra Gilles,1.194428086361639,-0.6560251190436133,-0.5101528853899506,2,Corporate,NSW,Medium,21.1296
Sandra Glassco,0.3384180544664581,2.788653183331037,0.2156345308087734,1,Home Office,VIC,Critical,262.773
Sanjety Skaria Arntzen,1.545918239123068,-0.6560251190436133,-0.4540161890108337,2,Home Office,NSW,Medium,716.7069
Sanjit Engle,1.2183389811073144,-0.6560251190436133,-0.4866579912209079,2,Small Business,NSW,High,312.2496
Sanjit Jacobs,0.6612151335330766,0.3281686816348583,-0.0449274611183087,2,Corporate,VIC,Medium,4319.4966
Saphhira Shifley,-1.3066515040360125,3.4037743087550822,5.855713222291416,1,Corporate,NSW,Medium,195.3896
Sara Crown,0.144739807026487,-0.6560251190436133,-0.4990281111086439,0,Small Business,NSW,Not Specified,158.9742
Sara Luxemburg,-0.9575524407491508,1.066314032143712,0.390584443752964,0,Consumer,VIC,Critical,2732.751
Sarah Bern,-0.6132355564114246,-0.4099766688739953,-0.3853185049756729,0,Corporate,NSW,Not Specified,7.2354
Sarah Brown,0.4388438123982949,-0.5330008939588043,-0.4920213351577652,2,Home Office,NSW,Low,240.264
Sarah Foster,-0.4028196826494806,-0.0409039936195684,-0.1634791121708724,0,Corporate,NSW,High,72.4284
Sarah Jordon,1.2661607705986653,-0.5330008939588043,-0.4670148489689116,2,Corporate,VIC,Critical,443.21940000000006
Sashan Harsten,2.0265272235111444,-0.6560251190436133,-0.306235217400497,2,Corporate,NSW,Not Specified,2547.828
Scot Coram,-0.5510672300726684,-0.4099766688739953,-0.4807684978850203,0,Corporate,NSW,High,195.03
Scot Wooten,1.8806707655625243,-0.4099766688739953,-0.3154051264199502,2,Corporate,NSW,High,223.272
Scott Cohen,-0.7184434932923965,0.8202655819740942,0.3033943927335876,0,Home Office,VIC,Low,909.09
Sean OBonnell,0.0586605859420554,-0.6560251190436133,-0.5093207826253159,0,Consumer,VIC,Medium,31.44
Sean ODonnell,-1.127319793443447,2.1735320579069928,0.3335337530555115,1,Corporate,VIC,Medium,31.6008
Sean Wendt,2.0839133709007656,0.3281686816348583,1.33890092700632,2,Small Business,NSW,Critical,136.224
Senliston,0.3814576650086739,-0.6560251190436133,-0.4979776685298948,2,Home Office,NSW,Low,171.99
Seth Vernon,1.6798192496988504,-0.6560251190436133,-0.5036602499062103,2,Consumer,VIC,Critical,101.5784
Shahid Collister,-0.6921415090721535,-0.1639282187043774,-0.4423107489763775,0,Small Business,NSW,Critical,98.384
Shahid Hopkins,-0.3143493720904815,0.2051444565500494,-0.357954184453533,0,Corporate,NSW,Medium,9.7776
Shahid Sharia Bard,-1.1536217776636897,-0.6560251190436133,-0.4901452300883394,0,Home Office,NSW,Not Specified,269.04
Shahid Shariari,-1.151230688189122,0.3281686816348583,-0.3884861109482277,0,Small Business,NSW,Medium,402.19200000000006
Shaun Weien,-0.8236514301733685,0.6972413568892852,-0.0989064316764099,0,Corporate,NSW,Not Specified,57.0285
Sheri Gordon,-1.1536217776636897,-0.0409039936195684,-0.4381724855733819,0,Small Business,NSW,Critical,73.32
Shirley Schmidt,-0.7280078511906667,-0.5330008939588043,-0.4334998731243116,0,Home Office,VIC,High,895.7520000000001
Shui Tom,1.854368781342281,-0.6560251190436133,-0.4660172521469016,2,Corporate,NSW,Low,568.0044
Sibella Parks,0.1232200017553791,0.8202655819740942,-0.2652782225291265,0,Small Business,VIC,Critical,360.1892
Sill Knudson,1.8280667971220383,-0.6560251190436133,-0.4739283297231036,2,Consumer,VIC,Low,469.98
Silt French,1.199210265310774,-0.6560251190436133,-0.48070826760363,2,Consumer,VIC,Low,385.9713
Skye Norling,1.6367796391566347,-0.5330008939588043,-0.4822460161746918,2,Corporate,NSW,High,215.73
Sonia Sunley,-0.7399632985635044,0.2051444565500494,-0.4452786661036368,0,Corporate,NSW,High,178.06799999999998
Staviel Brown,0.4149329176526195,-0.6560251190436133,-0.4962137113889428,2,Consumer,NSW,Not Specified,193.8468
Stefania Perrino,0.0275764227726773,0.2051444565500494,-0.4314127320602355,0,Home Office,VIC,High,6.9552000000000005
Stel Carroll,-0.0800226035828621,-0.6560251190436133,-0.5033915661961678,0,Consumer,VIC,Critical,104.9076
Stepha Foles,-0.2306612404806174,-0.6560251190436133,-0.4977081939090154,0,Small Business,NSW,High,175.329
Stephanie Ulpright,-1.1655772250365273,0.0821202314652404,-0.4509821339824631,0,Home Office,VIC,Critical,399.3066
Steve Carroll,-0.0800226035828621,0.0821202314652404,-0.3878167582645949,0,Consumer,NSW,High,233.1
Steve Chapman,1.0987845073789373,-0.4099766688739953,-0.4848010294219441,2,Consumer,NSW,Low,122.9508
Steve Nguyen,-1.277958430341202,2.4195805080766104,1.630937191478782,1,Home Office,NSW,Not Specified,209.5392
Steven Cartwright,-0.5725870353437763,-0.4099766688739953,-0.4704637528723066,0,Corporate,NSW,Not Specified,439.0848
Stra Carroll,1.6654727128514453,-0.6560251190436133,-0.4829045220811321,2,Home Office,NSW,Medium,358.758
Stuart Van,-0.6945325985467211,-0.6560251190436133,-0.5038129441208566,0,Corporate,NSW,Critical,99.6864
Sue Ann Reed,-0.4649880089882368,-0.0409039936195684,-0.371190997349243,0,Corporate,NSW,Critical,38.5
Sung Chung,-1.335344577730823,-0.0409039936195684,-0.4662542348593156,0,Corporate,NSW,Medium,238.28
Sung Shariari,-0.952770261800016,1.435386707398139,1.7273931584085964,1,Home Office,NSW,Critical,41.3504
Susan MacKendrick,1.2326855179547198,-0.6560251190436133,-0.5115257774746182,2,Corporate,NSW,Not Specified,4.1184
Susan Manchtan,0.3718933071104037,-0.6560251190436133,-0.493788585070365,2,Home Office,NSW,Not Specified,223.896
Susan Pistek,-0.8571266828173141,0.0821202314652404,-0.4870626147486831,0,Corporate,NSW,Not Specified,22.176
Susan Vittorini,-0.022636456193241,0.2051444565500494,-0.1394618052529781,0,Corporate,VIC,Not Specified,3004.8948
Suzanne McNair,0.1590863438738922,-0.2869524437891864,1.202480768139011,0,Small Business,VIC,Low,20947.0345
Suzben Tis Leighton,-0.3597800721072648,-0.6560251190436133,-0.5053247782562299,0,Home Office,VIC,Medium,80.9536
Sylvia Foulston,-1.2277455513752835,1.804459382652566,3.8132738899250698,1,Corporate,NSW,High,206.9613
Sylvie Gour,-0.0824136930574297,-0.6560251190436133,-0.5092192877815848,0,Corporate,NSW,High,32.6976
Taby Knight,-0.6204088248351272,-0.6560251190436133,0.2255813967382802,0,Small Business,VIC,Not Specified,9137.4492
Tamara Chand,0.065833854365758,0.0821202314652404,-0.3577477083019733,0,Small Business,NSW,Critical,117.4404
Tamara Dahlen,0.0227942438235422,-0.5330008939588043,-0.5049616371948015,0,Corporate,NSW,Not Specified,62.73960000000001
Tamara Dhonney,1.5578736864959055,-0.6560251190436133,-0.4998372128948569,2,Home Office,NSW,Medium,148.9488
Tamara Laus,1.247032054802125,-0.6560251190436133,-0.4847220029023977,2,Home Office,NSW,Critical,336.238
Tamara Willingham,-0.4649880089882368,1.31236248231333,-0.3460578927918066,0,Home Office,NSW,Low,191.2456
Tamara Wizlingham,1.4861410022588797,-0.6560251190436133,-0.4737205945706196,2,Home Office,NSW,Not Specified,472.5540000000001
Tanja Norvell,-1.1321019723925818,0.5742171318044763,-0.0279247908365502,0,Corporate,VIC,Not Specified,77.49000000000001
Tara Carroll,1.8687153181896865,-0.6560251190436133,-0.4515898279028879,2,Consumer,NSW,Not Specified,746.7713999999999
Thaas Sissman,2.0097895971891715,-0.6560251190436133,-0.5112804982689348,2,Corporate,NSW,High,7.1576
Thacy Poddar,0.3025517123479449,-0.6560251190436133,-0.510838556662485,2,Consumer,NSW,High,12.6336
Thais Sissman,-0.7758296406820175,2.4195805080766104,-0.0815866061490294,1,Home Office,NSW,Not Specified,83.48339999999999
Thea Hendricks,-1.1010178092232037,0.8202655819740942,0.445184561786237,0,Small Business,VIC,Medium,438.4611
Thea Hudgings,-0.6467108090553702,0.6972413568892852,-0.3198555413469463,0,Corporate,VIC,Medium,40.365
Theone Pipen,2.0671757445787926,-0.6560251190436133,-0.5040571903001407,2,Small Business,NSW,High,96.66
Theone Pippenger,0.4771012439913757,-0.0409039936195684,-0.4687512937114634,2,Consumer,NSW,Low,94.464
Theones,-1.242092088222689,-0.5330008939588043,-0.4883971557282767,0,Corporate,NSW,High,225.036
Theresa Coyne,-1.2588297145446616,-0.1639282187043774,-0.4810801974599712,0,Consumer,NSW,Critical,131.92
Theresa Swint,-1.383166367222174,-0.6560251190436133,-0.5067260785668781,0,Home Office,VIC,Medium,63.5904
Thomas Boland,0.1040912859588387,2.296556282991802,0.067038444875759,1,Consumer,NSW,High,769.792
Thomas Thornton,-0.689750419597586,0.3281686816348583,0.0817898358832152,0,Small Business,VIC,Not Specified,79.56159999999998
Thurra Ners,0.3742843965849712,-0.6560251190436133,-0.4758827833885011,2,Corporate,NSW,Low,445.7628
Tim Taslimi,0.4627547071439704,-0.4099766688739953,-0.395487624920885,2,Corporate,NSW,Critical,566.1003
Toby Carlisle,-0.6945325985467211,-0.0409039936195684,0.9683913044127992,0,Corporate,NSW,High,65.1222
Toby Carlislo,-0.7543098354109097,-0.6560251190436133,-0.43661275290926,0,Small Business,NSW,Not Specified,932.349
Toby Gondweld,1.6367796391566347,-0.6560251190436133,-0.509621005922612,2,Home Office,NSW,Not Specified,27.72
Toby Grace,-0.048938440413484,-0.6560251190436133,-0.5012908263080071,0,Small Business,NSW,High,130.9374
Toby Knight,-1.0555871092064202,1.804459382652566,0.084340942999395,1,Corporate,VIC,Low,950.7762
Toby Swindell,0.9242349757355064,0.5742171318044763,-0.1260126973616937,2,Home Office,NSW,High,115.8096
Todd Boyes,-1.127319793443447,2.1735320579069928,0.4417915623661852,1,Home Office,NSW,Not Specified,478.9620000000001
Todja Jarnong,0.838155754651075,-0.6560251190436133,-0.5084414189029131,2,Corporate,VIC,High,42.336000000000006
Tom Ashbrook,0.2595121018057291,-0.4099766688739953,-0.4271654682310764,0,Small Business,NSW,High,24.662
Tom Brown,-0.0393740825152139,-0.6560251190436133,-0.5071078786676438,0,Corporate,NSW,Low,58.8596
Tom Prescott,-0.0035077403967007,-0.5330008939588043,-0.5020136865309162,0,Home Office,VIC,Not Specified,9.8784
Tom Stivers,-0.50085435110675,1.1893382572285212,0.3469397320946252,0,Small Business,NSW,Critical,4935.1575
Toma McGolin,2.0050074182400364,-0.6560251190436133,-0.5032625347424805,2,Small Business,NSW,Medium,106.5064
Tomy Molin,1.9093638392573349,-0.6560251190436133,-0.4116608557091942,2,Home Office,NSW,Medium,1241.5224
Tona Prown,-1.1081910776469062,-0.6560251190436133,1.5078362051509708,0,Home Office,NSW,Medium,25025.5829
Tone Sayre,1.5004875391062846,-0.6560251190436133,-0.5086686847107587,2,Corporate,NSW,Critical,39.52
Tonja Turnell,0.7951161441088591,-0.6560251190436133,-0.5018910630691119,2,Consumer,VIC,Critical,123.5
Tony Molinari,-0.1374087509724832,0.3281686816348583,-0.2004145433402929,0,Corporate,NSW,Critical,448.0476
Tony Sayre,-1.1942702987313378,2.1735320579069928,3.72760876342247,1,Small Business,VIC,Not Specified,269.04
Tra Armssront,0.0801803912131633,-0.6560251190436133,-0.5043824644876198,0,Home Office,NSW,Not Specified,92.6296
Tracy Blumstein,-0.0202453667186735,0.5742171318044763,-0.3836921743908711,0,Small Business,NSW,Critical,196.992
Tracy Collins,-1.03645839340988,-0.6560251190436133,-0.4609057568179857,0,Consumer,VIC,High,631.3398
Tracy Envelons,0.0873536596368659,-0.6560251190436133,-0.510838556662485,0,Corporate,VIC,Medium,12.6336
Tracy Hobs,1.194428086361639,-0.6560251190436133,-0.4874711121254556,2,Small Business,VIC,High,302.1744
Tracy Poddar,0.3025517123479449,0.2051444565500494,-0.2876719912617047,0,Small Business,NSW,Not Specified,1821.435
Tracy Poddars,1.7587252023595794,-0.6560251190436133,-0.5115577367288466,2,Home Office,NSW,Low,3.7224
Tracy Poldan,0.3025517123479449,-0.6560251190436133,-0.4954630562994777,2,Corporate,NSW,Medium,203.148
Tracy Zic,-1.2851316987649046,-0.4099766688739953,-0.492583349942096,0,Home Office,NSW,High,22.7682
Tracyy Zic,-1.0747158250029607,-0.6560251190436133,-0.4982783760583156,0,Small Business,NSW,Low,168.264
Trady Freenar,1.194428086361639,-0.6560251190436133,-0.4889193667141595,2,Corporate,VIC,Low,284.22940000000006
Trady Freych,-0.5199830669032903,-0.6560251190436133,-0.5075612804107108,0,Small Business,VIC,Low,53.2416
Trowa Kalle,-0.6132355564114246,-0.6560251190436133,-0.5077106172895595,0,Consumer,NSW,Low,51.39119999999999
Troy Blackwell,1.146606296870288,-0.6560251190436133,-0.5062686738465138,2,Corporate,NSW,Not Specified,69.258
Troy Staebel,-1.067542556579258,0.3281686816348583,0.0604619889843381,0,Consumer,NSW,High,650.1456
Trudy Bell,0.654041865109374,-0.2869524437891864,0.0993354664545485,2,Home Office,NSW,Not Specified,429.66
Trudy Brown,0.2977695333988098,2.1735320579069928,5.444554261071585,1,Home Office,VIC,Not Specified,1635.48
Trudy Schmidt,0.1949526859924054,-0.5330008939588043,-0.4998054311920409,0,Corporate,NSW,Low,58.52
Valerie Dominguez,-1.0627603776301229,2.6656289582462285,2.2255546440742564,1,Corporate,NSW,Low,148.8564
Valerie Mitchmen,-0.0393740825152139,-0.6560251190436133,-0.5073358223990639,0,Small Business,NSW,Medium,56.0352
Valerie Mitchum,-1.0053742302405018,-0.2869524437891864,0.0030924643733646,0,Home Office,NSW,High,386.7264
Valerie Takahito,-0.6993147774958561,0.0821202314652404,-0.2162150775729803,0,Home Office,VIC,Low,926.532
Vicky Freymann,-0.8116959828005308,0.0821202314652404,0.3914255209344427,0,Corporate,NSW,Medium,44.2368
Victor Price,-0.1374087509724832,-0.6560251190436133,-0.4893962859488481,0,Corporate,VIC,Medium,278.32
Victoria Brennan,1.5913489391398514,-0.5330008939588043,-0.3861474602379973,2,Corporate,NSW,High,124.45
Victoria Pisteka,-1.1655772250365273,0.9432898070589032,0.8526906932350367,1,Small Business,NSW,Critical,4561.433999999999
Victoria Wilson,0.0634427648911905,-0.1639282187043774,0.3627301620378444,0,Small Business,NSW,Not Specified,271.10720000000003
Vilek Mes,-0.663448435377343,-0.6560251190436133,-0.5110325396510282,0,Small Business,NSW,Medium,10.23
Vivek Gonzalez,-1.0627603776301229,-0.1639282187043774,-0.465088287016295,0,Corporate,NSW,High,406.923
Vivek Grady,-0.9695078881219888,2.296556282991802,0.5810890790699214,1,Corporate,VIC,Critical,134.52
Vivek Sundaresam,0.7425121756683731,0.6972413568892852,0.8968166741376675,2,Small Business,NSW,Critical,6783.8638
Vivian Mathis,0.8070715914816968,-0.4099766688739953,-0.114978046563207,2,Corporate,VIC,Low,297.62
William Brown,-0.2665275825991306,0.2051444565500494,-0.3261410792491835,0,Home Office,VIC,High,921.791
Xylona Price,0.1327843596536493,-0.4099766688739953,-0.4700691206467371,0,Consumer,NSW,Medium,138.7584
Yana Moren,1.0198785547182083,-0.6560251190436133,-0.2585407113656399,2,Consumer,NSW,Medium,3138.8
Yana Sorensen,-0.689750419597586,0.6972413568892852,0.3884465391259843,0,Home Office,NSW,Low,259.296
Yara Bernen,-0.7112702248686938,-0.6560251190436133,-0.5040059909292256,0,Corporate,NSW,Medium,97.2944
Yara Ferguson,-0.8642999512410168,-0.6560251190436133,-0.4976575917564872,0,Small Business,NSW,Medium,175.956
Yary McGarr,-0.4123840405477508,-0.6560251190436133,-0.4967370683884874,0,Corporate,VIC,High,187.362
