customer_name,recency_norm,frequency_norm,monetary_norm,cluster,customer_type
Aaron Bergman,0.737729996719238,2.1735320579069928,1.9226717628312304,1,Small Business
Aaron Smayling,1.7539430234104445,0.8202655819740942,1.138523071048377,2,Consumer
Adam Bellavance,1.7706806497324172,-0.4099766688739953,-0.2631049643291988,2,Small Business
Adam Berlavance,1.7706806497324172,-0.6560251190436133,-0.6801124451429932,2,Small Business
Adam Hart,1.1633439231922609,-0.6560251190436133,-0.6820963051398022,2,Home Office
Adam Shillingsburg,1.7180766812919313,-0.1639282187043774,0.2036068951787452,2,Corporate
Adrian Hane,0.7951161441088591,-0.2869524437891864,-0.1419609696653382,2,Small Business
Adrian Shami,-0.6467108090553702,-0.5330008939588043,-0.4786192740101397,0,Consumer
Airls Lampticp,1.2183389811073144,-0.6560251190436133,-0.6596563523282146,2,Small Business
Alan Barnes,-1.1799237618839329,-0.0409039936195684,-0.4959133071199235,0,Corporate
Alan Dominguez,-0.6299731827333974,-0.5330008939588043,-0.5925572147407787,0,Home Office
Alan Hwang,-0.3095671931413464,-0.5330008939588043,-0.6626489299540118,0,Small Business
Alan Schoenberger,0.0682249438403256,-0.6560251190436133,-0.6956811477669578,0,Corporate
Alan Shonely,0.118437822806244,0.4511929067196673,1.3760378625681022,1,Corporate
Ale Hulle,0.548833928228402,-0.6560251190436133,-0.6784701769337143,2,Small Business
Alejandro Ballentine,-0.983854424969394,1.1893382572285212,1.292754062293675,1,Consumer
Alejandro Grove,0.2069081333652431,-0.6560251190436133,-0.6490913124842812,0,Corporate
Aleksandra Gannaway,-0.4817256353102096,1.1893382572285212,1.038597473607193,1,Consumer
Alex Busser,1.5793934917670136,-0.6560251190436133,-0.6936263417835079,2,Corporate
Alex Grayson,-1.0555871092064202,0.3281686816348583,0.3627464801221818,0,Small Business
Alex Russell,-1.3736020093239036,1.927483607737375,0.8400592174158708,1,Consumer
Alian Denenbon,-0.048938440413484,-0.6560251190436133,-0.6822539628878931,0,Corporate
Allen Armold,-0.369344430005535,1.558410932482948,1.3502565143630667,1,Home Office
Allina Jacobs,-0.2569632247008604,-0.6560251190436133,-0.6843243156770574,0,Home Office
Amuman Howes,-1.1297108829180142,-0.6560251190436133,-0.6020660206622022,0,Small Business
Amy Cox,1.2016013547853417,1.31236248231333,-0.1470691171983285,2,Home Office
Amy Hunt,-1.2373099092735536,-0.0409039936195684,-0.1860833882006959,0,Home Office
Andrew Allen,-0.5893246616657491,0.2051444565500494,0.5314487373843062,0,Home Office
Andy Peige,0.9146706178372364,-0.6560251190436133,-0.6929151301643429,2,Home Office
Anemone Ratner,1.0724825231586943,-0.6560251190436133,-0.627014629400586,2,Corporate
Ann Blume,0.3240715176190528,-0.6560251190436133,-0.6403534967448407,2,Home Office
Ann Chong,1.5722202233433111,-0.6560251190436133,-0.6123334085169159,2,Corporate
Ann Steele,-1.3329534882562557,-0.6560251190436133,-0.4796112040085441,0,Small Business
Anne McFarland,0.3049428018225125,-0.0409039936195684,-0.3300430136527289,0,Small Business
Anne McFrar,-0.4052107721240482,-0.6560251190436133,-0.4914950947090758,0,Small Business
Anne Pryor,1.0461805389384513,0.9432898070589032,1.1263940079516244,2,Home Office
Annelle Norvell,0.0873536596368659,-0.6560251190436133,-0.4919282155781364,0,Home Office
Annie Bross,-0.5630226774455062,-0.6560251190436133,-0.6893879759890008,0,Consumer
Annie Cyprus,0.0586605859420554,-0.2869524437891864,-0.5941920380008423,0,Corporate
Annie Thurman,-0.2569632247008604,0.5742171318044763,-0.427481341148686,0,Corporate
Antherina Tachmonas,-0.1302354825487806,-0.6560251190436133,-0.6719951148278674,0,Home Office
Anthony Ganvery,-0.6012801090385869,-0.6560251190436133,-0.3443243239800151,0,Small Business
Anthony Garverick,0.2858140860259721,-0.6560251190436133,-0.6873082075287699,2,Corporate
Anthony Garwer,0.2762497281277019,-0.6560251190436133,-0.6652472902198838,2,Corporate
Anthony Johnson,-0.1924038088875367,-0.5330008939588043,0.0126293498641502,0,Home Office
Anthony Rawles,-1.225354461900716,1.066314032143712,1.9309048183128368,1,Corporate
Arianne Iaven,1.851977691867713,-0.6560251190436133,-0.6663305303307243,2,Small Business
Arianne Irving,0.0275764227726773,-0.4099766688739953,-0.3612205267398134,0,Home Office
Arn Shari,0.3408091439410256,-0.6560251190436133,-0.6671017394818016,2,Home Office
Art Ferdur,0.0682249438403256,-0.6560251190436133,-0.6594840236507876,0,Corporate
Art Ferguson,0.1901705070432703,-0.5330008939588043,-0.6346535852337736,0,Corporate
Art Foster,-1.3783841882730388,1.1893382572285212,0.7985286265683968,1,Home Office
Art Miller,-1.2851316987649046,0.2051444565500494,-0.1326466447947427,0,Corporate
Arthur Gainer,0.1949526859924054,1.31236248231333,1.2657185685994867,1,Home Office
Arthur Prichep,-0.8164781617496658,0.3281686816348583,0.1365972064664414,0,Home Office
Ashley Jarboe,-1.0484138407827177,1.435386707398139,1.4961860222847052,1,Corporate
Astrea Jones,-0.936032635478043,1.435386707398139,1.8469343309578363,1,Corporate
Aumen Metsoner,0.1949526859924054,-0.6560251190436133,-0.6441211519757194,0,Consumer
Barry Dennamed,-0.5223741563778579,-0.6560251190436133,-0.6042199466557941,0,Small Business
Barry Franz,-1.1081910776469062,0.8202655819740942,1.509792579347072,1,Home Office
Barry Gonzalez,-0.0154631877695384,-0.4099766688739953,-0.4946572274037688,0,Corporate
Barry Lonsdale,-0.7877850880548553,-0.5330008939588043,-0.5136291476955485,0,Home Office
Barry Pond,0.9218438862609388,-0.4099766688739953,-0.5609334061441105,2,Consumer
Barry Prown,1.6846014286479856,-0.6560251190436133,-0.6696834945913355,2,Corporate
Barry Weirich,-0.6610573459027754,-0.1639282187043774,-0.3216196010382425,0,Small Business
Barrydle Barr,-0.5199830669032903,-0.6560251190436133,-0.6590835291768181,0,Small Business
Bart Watters,-1.3377356672053906,2.4195805080766104,2.466652049626956,1,Home Office
Bary Gonzalez,-0.0154631877695384,-0.6560251190436133,-0.6883792583600126,0,Corporate
Bebby Elias,1.194428086361639,-0.6560251190436133,-0.4371684244079388,2,Consumer
Bebery Jackso,-0.8571266828173141,-0.6560251190436133,-0.6670662664884812,0,Consumer
Bebery Pistek,0.3264626070936204,-0.6560251190436133,-0.589347565752564,2,Corporate
Becky Castell,1.5172251654282576,-0.6560251190436133,-0.6218430173250193,2,Small Business
Becky Dak,0.2188635807380808,-0.6560251190436133,-0.6333263770567324,0,Small Business
Becky Pak,-1.199052477680473,-0.1639282187043774,0.0709939197537149,0,Small Business
Bel Wallans,1.383324154852475,-0.6560251190436133,-0.6410625916627583,2,Small Business
Ben Peterman,-1.2325277303244186,0.0821202314652404,0.1980356645055873,0,Consumer
Ben Wallace,1.725249949715634,-0.5330008939588043,-0.5384330178624213,2,Home Office
Benjamin Farhat,0.7233834598718327,-0.4099766688739953,-0.5879571849917393,2,Corporate
Benjamin Patterson,-1.014938588138772,-0.0409039936195684,-0.2698923128587523,0,Home Office
Beremike Kampe,1.7563341128850118,-0.6560251190436133,-0.3443243239800151,2,Small Business
Berenike Kampe,-0.6610573459027754,2.1735320579069928,1.7153048552210697,1,Home Office
Berhan Martin,1.4933142706825822,-0.6560251190436133,-0.656928873286244,2,Consumer
Berly Franz,1.897408391884497,-0.6560251190436133,-0.4476840502261974,2,Home Office
Beth Fritzler,-0.3143493720904815,-0.6560251190436133,-0.6486774608955429,0,Consumer
Beth Paige,-0.0393740825152139,0.2051444565500494,-0.5266707279990744,0,Home Office
Beth Thompson,-0.9384237249526106,0.5742171318044763,-0.151438864449578,0,Corporate
Bett Farres,-1.1703594039856624,-0.6560251190436133,-0.6334983042908194,0,Consumer
Beul Khright,1.5220073443773925,-0.6560251190436133,-0.5783939652503152,2,Small Business
Bheck OBriant,0.1017001964842712,-0.6560251190436133,-0.677345551664,0,Corporate
Bill Donatelli,-0.8093048933259632,1.927483607737375,2.45374925923454,1,Home Office
Bill Eplett,1.2661607705986653,-0.6560251190436133,-0.6092414919118819,2,Corporate
Bill Shonely,-1.1536217776636897,-0.6560251190436133,-0.6804341837326155,0,Corporate
Bill Stewart,0.1399576280773519,2.1735320579069928,0.5239572572363121,1,Small Business
Biman Radorston,2.1006509972227385,-0.6560251190436133,-0.6653112291954985,2,Small Business
Bobby Elias,-0.1565374667690235,-0.2869524437891864,-0.6193777537737971,0,Home Office
Bobby Odegard,0.8596755599221828,-0.5330008939588043,-0.5527249846856432,2,Home Office
Bobby Trafton,-0.2760919404974008,0.0821202314652404,-0.289981121512238,0,Consumer
Bor Nyng,1.5578736864959055,-0.6560251190436133,-0.6485379775823015,2,Small Business
Bor Prostek,-1.3736020093239036,-0.6560251190436133,-0.7005948142491204,0,Home Office
Bord Bath,1.5650469549196084,-0.6560251190436133,-0.4311215928613737,2,Corporate
Brad Eason,-1.1703594039856624,0.3281686816348583,0.3375921134245997,0,Corporate
Brad Norvell,-0.931250456528908,-0.0409039936195684,0.2405202672032556,0,Consumer
Brad Thomas,-1.242092088222689,2.050507832822184,2.745163402867348,1,Corporate
Bradley Drucker,1.6415618181057698,0.0821202314652404,0.8245693801608007,2,Home Office
Bradley Nguyen,-0.0322008140915112,-0.5330008939588043,-0.3412099265479384,0,Small Business
Brand Markne,1.6941657865462558,-0.6560251190436133,-0.6212743545864197,2,Home Office
Brank Carlisle,-0.6180177353605597,-0.6560251190436133,-0.6791625572107464,0,Home Office
Brean Mhone,-0.6251910037842623,-0.6560251190436133,-0.658768797598222,0,Corporate
Brean Thornton,0.7401210861938056,-0.6560251190436133,-0.6509924751530407,2,Home Office
Brenda Bowman,1.0868290600060997,-0.6560251190436133,-0.6580666367016326,2,Corporate
Brendan Murry,0.5560071966521046,0.3281686816348583,0.6392417119191635,2,Small Business
Brian Dahlen,0.0251853332981097,-0.0409039936195684,0.4293564407523471,0,Home Office
Brian DeCherney,-0.8499534143936115,0.4511929067196673,0.9958563851100846,0,Consumer
Brian Stugart,0.4699279755676731,-0.2869524437891864,0.6879426282425944,2,Home Office
Brian Thompson,0.3264626070936204,-0.1639282187043774,0.1997180040591725,0,Small Business
Brid Thompson,0.3264626070936204,-0.6560251190436133,-0.6889176303738633,2,Home Office
Brindarte Groys,1.1226954021246127,-0.6560251190436133,-0.6482465297174281,2,Consumer
Brooke Gillingham,-1.03645839340988,0.8202655819740942,1.2398356187345705,1,Corporate
Bruce Degenhardt,1.6343885496820671,-0.5330008939588043,-0.6544856161290261,2,Corporate
Bruce Hennar,-0.7495276564617745,-0.6560251190436133,-0.6579767133934623,0,Corporate
Bruce Stewart,-0.936032635478043,-0.5330008939588043,-0.2759598369847544,0,Consumer
Bryan Spruell,-0.4888989037339122,2.1735320579069928,1.462876224649542,1,Home Office
Callia Suhley,0.5560071966521046,-0.6560251190436133,-0.7008181627255823,2,Corporate
Candos Bawlak,0.2738586386531344,-0.6560251190436133,-0.6393316409701782,2,Home Office
Cari Schnelling,-0.3549978931581298,-0.5330008939588043,-0.5945056017442673,0,Home Office
Carl Jackson,-0.0417651719897814,-0.4099766688739953,-0.5461686120560125,0,Home Office
Carl Ludwig,0.2140814017889458,-0.1639282187043774,-0.2452346410573544,0,Corporate
Carl Muray,-0.768656372258315,-0.6560251190436133,-0.6980816329610363,0,Corporate
Carlo Monton,-0.9121217407323676,-0.6560251190436133,-0.631004976200643,0,Corporate
Carlos Daly,1.0963934179043695,0.4511929067196673,1.1874371172905231,2,Home Office
Carlos Meador,-1.2373099092735536,0.5742171318044763,-0.2109589707460406,0,Corporate
Carlos Soltero,0.1590863438738922,0.4511929067196673,-0.1374784168355358,0,Corporate
Carlosder Meady,0.1280021807045142,-0.6560251190436133,-0.6731689351541619,0,Corporate
Carol Adams,0.8070715914816968,-0.5330008939588043,-0.6403314538559873,2,Consumer
Carol Darley,-1.3377356672053906,-0.2869524437891864,-0.2821665889600542,0,Consumer
Carol Triggs,-1.1655772250365273,1.31236248231333,0.3462729607046029,1,Small Business
Caroline Jumper,-1.1321019723925818,-0.1639282187043774,0.5617238423378166,0,Corporate
Cassandra Brandow,-1.225354461900716,-0.5330008939588043,-0.6435870863540618,0,Corporate
Catherine Glotzbach,0.6133933440417257,-0.6560251190436133,-0.680545274053261,2,Small Business
Ceren Mitchum,0.8190270388545345,-0.6560251190436133,-0.6625362338600062,2,Consumer
Chacky Karkston,-0.4602058300391017,-0.6560251190436133,-0.3443243239800151,0,Home Office
Chad Cunningham,1.146606296870288,-0.5330008939588043,-0.59440224833163,2,Corporate
Chad McGuire,0.1327843596536493,1.558410932482948,0.8349039550326985,1,Consumer
Charles Crestani,-0.3836909668529403,-0.2869524437891864,0.0774879956759405,0,Corporate
Charles McCrossin,0.685126028278752,-0.6560251190436133,-0.3443243239800151,2,Corporate
Charles Sheldon,-0.0513295298880516,0.2051444565500494,0.4403189095029261,0,Consumer
Charlotte Melson,0.7401210861938056,-0.6560251190436133,-0.6730533194722286,2,Small Business
Charlotte Melton,0.1017001964842712,-0.1639282187043774,-0.2414599423206004,0,Consumer
Christina Anderson,-0.8140870722750982,-0.4099766688739953,-0.6287045233879341,0,Corporate
Christina Vanderzanden,-1.0316762144607448,5.4951861351968345,3.924020127821424,1,Small Business
Christine Abelman,0.8979329915152635,-0.5330008939588043,-0.6588313132747219,2,Corporate
Christine Phan,-1.0555871092064202,-0.4099766688739953,-0.2742110768058159,0,Consumer
Christopher Conant,-0.9097306512578,0.0821202314652404,-0.1957261302182982,0,Home Office
Christopher Martinez,-1.2612208040192292,4.018895434179127,4.0032331101535386,1,Corporate
Christopher Schild,-0.4028196826494806,1.804459382652566,0.5494464276794925,1,Small Business
Christy Brittain,-1.2014435671550403,0.6972413568892852,0.1225316536870053,0,Corporate
Chuck Clark,-1.1177554355451764,1.435386707398139,1.108699553357569,1,Corporate
Chuck Magee,0.7233834598718327,0.2051444565500494,-0.3944814577720383,2,Consumer
Chuck Sachs,0.9959676599725328,-0.6560251190436133,-0.3754703785071797,2,Corporate
Chucy Collins,1.8854529445116592,-0.6560251190436133,-0.3443243239800151,2,Home Office
Cicole Hansen,-1.1249287039688791,-0.6560251190436133,-0.6841327177193082,0,Consumer
Cindy Chapman,-1.383166367222174,4.634016559603172,3.146232889679184,1,Small Business
Cindy Schnelling,0.0969180175351361,0.9432898070589032,0.6476393956650378,0,Corporate
Cindy Stewart,-0.7327900301398018,1.1893382572285212,2.2378389439460675,1,Home Office
Claire Good,0.3742843965849712,-0.4099766688739953,-0.6251433195183863,2,Corporate
Clay Cheatham,-0.5462850511235333,-0.5330008939588043,-0.5595486455900464,0,Corporate
Clay Ludtke,-1.0005920512913669,0.6972413568892852,-0.1224121023042143,0,Small Business
Clay Rozendal,0.4197150966017546,-0.2869524437891864,-0.5229652599910538,2,Home Office
Clytie Kelty,-0.2306612404806174,0.4511929067196673,2.868258740617473,1,Home Office
Corey Lock,-0.6610573459027754,-0.2869524437891864,-0.5509438900704066,0,Home Office
Corinna Mitchell,1.6965568760208234,0.6972413568892852,1.7758971071942475,2,Consumer
Corintar Huige,0.1638685228230273,-0.6560251190436133,-0.6290904564171147,0,Corporate
Craig Carroll,-0.3669533405309675,1.804459382652566,0.6411777271688088,1,Consumer
Craig Molinari,0.2188635807380808,-0.5330008939588043,-0.6485985225369503,0,Corporate
Creian DeCherney,0.0108387964507045,-0.6560251190436133,-0.6544536466412189,0,Home Office
Crian Creighton,-0.3454335352598596,-0.6560251190436133,-0.3648717634020788,0,Home Office
Crist Tran,1.7061212339190934,-0.6560251190436133,-0.6365910237825335,2,Corporate
Curr Rcone,-0.1900127194129692,-0.6560251190436133,-0.6920720991502463,0,Home Office
Custer Chalkon,0.3790665755341064,-0.6560251190436133,-0.6491480254797749,2,Corporate
Cyma Kinney,-1.3759930987984712,2.9116774084158465,2.8721378146226386,1,Consumer
Cynthia Arntzen,-1.3018693250868774,0.4511929067196673,0.3528165966318994,0,Home Office
Cynthia Delaney,-0.5749781248183439,-0.2869524437891864,-0.3886813679002051,0,Small Business
Cynthia Voltz,-1.007765319715069,0.0821202314652404,0.475216780496462,0,Corporate
Cyra Reiten,-1.1703594039856624,1.927483607737375,1.510218109287521,1,Small Business
Daborah Brumfield,0.1136556438571089,-0.6560251190436133,-0.3443243239800151,0,Corporate
Dama Kaniet,1.194428086361639,-0.6560251190436133,-0.6335672795556091,2,Consumer
Damala Kotsonis,-0.2019681667858069,-0.5330008939588043,-0.6427037650265643,0,Corporate
Dan Caclop,1.6104776549363915,-0.6560251190436133,-0.6918462690240459,2,Corporate
Dan Campbell,-1.1751415829347975,2.4195805080766104,1.9418469594324697,1,Consumer
Dan Lawela,0.3718933071104037,-0.6560251190436133,-0.65768643336376,2,Consumer
Dan Lawera,-0.3597800721072648,-0.1639282187043774,-0.5732159665761568,0,Home Office
Dan Lawera ,-0.4410771142425613,-0.6560251190436133,-0.6536011269663576,0,Home Office
Dana Kaydos,-0.7567009248854772,-0.5330008939588043,-0.1657591147808486,0,Corporate
Daniel Byrd,0.8979329915152635,-0.0409039936195684,-0.3489738042495783,2,Home Office
Daniel Lacy,-0.7614831038346124,-0.5330008939588043,-0.6060693596285369,0,Small Business
Danine Chand,0.632522059838266,-0.6560251190436133,-0.6630156301977193,2,Consumer
Darren Powers,2.028918312985712,-0.5330008939588043,-0.627361914384575,2,Home Office
Darrin Martin,-1.010156409189637,1.804459382652566,2.3165418377723808,1,Corporate
Darrin Sayre,-0.6754038827501807,0.6972413568892852,-0.2291469816792576,0,Corporate
Darrin Van Huff,-1.014938588138772,-0.5330008939588043,0.0126293498641502,0,Small Business
Dave Hallsten,-1.3162158619342823,4.510992334518363,3.9886314845357456,1,Home Office
Dave Kipp,1.863933139240552,-0.0409039936195684,0.9325105967726822,2,Corporate
Dave Poirier,1.6654727128514453,-0.5330008939588043,0.0126293498641502,2,Home Office
David Flashing,-1.0747158250029607,-0.4099766688739953,-0.4335144141371422,0,Consumer
David Smith,0.3718933071104037,0.0821202314652404,-0.1534467745519406,2,Corporate
Dean Percer,-0.931250456528908,0.0821202314652404,0.9864776103359868,0,Home Office
Deanra Eno,-0.610844466936857,0.0821202314652404,-0.2137605708265232,0,Home Office
Dearre Gonne,1.194428086361639,-0.6560251190436133,-0.6285780687358197,2,Small Business
Deborah Brumfield,0.1088734649079738,1.31236248231333,1.9932386409796816,1,Small Business
Debra Catini,-0.8810375775629895,-0.6560251190436133,-0.6912389947351036,0,Consumer
Deirdre Greer,-0.6251910037842623,-0.1639282187043774,0.2594128841879515,0,Home Office
Delfina Latchford,1.1729082810905311,-0.0409039936195684,-0.0406520714640543,2,Corporate
Denise Leinenbach,-0.1876216299384016,-0.2869524437891864,-0.3968146099695363,0,Corporate
Denise Monton,-0.8642999512410168,3.526798533839892,3.530245669384902,1,Corporate
Dennis Bolton,-0.952770261800016,0.3281686816348583,0.0315823293292494,0,Home Office
Dennis Kane,1.457447928564069,0.3281686816348583,0.0535376670397035,2,Small Business
Dennis Kenery,0.0323586017218124,-0.6560251190436133,-0.3443243239800151,0,Home Office
Dennis Pardue,1.1561706547685584,0.9432898070589032,1.0919233456615955,2,Consumer
Denny Blanton,0.1614774333484598,-0.6560251190436133,-0.5472332397938144,0,Small Business
Denny Joy,-0.6658395248519106,0.6972413568892852,0.4676353770402975,0,Corporate
Denny Ordway,1.851977691867713,-0.1639282187043774,-0.3786032423328984,2,Home Office
Dianna Arnett,0.17104179124673,0.0821202314652404,-0.4006813852105573,0,Home Office
Dianna Wilson,0.957710228379452,-0.6560251190436133,-0.3696383556423881,2,Small Business
Dionin Lloyd,1.3115914706154488,-0.6560251190436133,-0.4272616056622844,2,Consumer
Dionis Lloyd,-0.531938514276128,0.9432898070589032,1.1407774308666787,1,Small Business
Dirly Steele,1.3976706916998802,-0.6560251190436133,-0.6949716879005493,2,Home Office
Diz Karnisser,-0.1158889457013753,-0.6560251190436133,-0.4007122598528918,0,Corporate
Diza Ken Reitt,1.6869925181225531,-0.6560251190436133,-0.3443243239800151,2,Small Business
Dlanna Ennardes,-0.0082899193458358,-0.6560251190436133,-0.6895936609585007,0,Home Office
Doborah Brumfield,1.000749838921668,-0.6560251190436133,-0.6265415101769174,2,Corporate
Don Jones,-0.531938514276128,-0.6560251190436133,-0.680859567693668,0,Home Office
Don Miller,0.2690764597039993,-0.4099766688739953,-0.6176857430852015,0,Small Business
Don Weiss,-0.6777949722247483,-0.2869524437891864,-0.2925228782671636,0,Small Business
Donna Barnton,0.3838487544832414,-0.6560251190436133,-0.3443243239800151,2,Home Office
Dorgin Lygon,0.0299675122472448,-0.6560251190436133,-0.6713295947597695,0,Home Office
Dorris Love,-1.251656446120959,0.0821202314652404,0.4795578063014736,0,Consumer
Doug Bickford,0.3623289492121335,-0.2869524437891864,0.1124214491473441,2,Home Office
Doug Jacobs,-1.1153643460706089,-0.4099766688739953,0.0497925656255655,0,Small Business
Drenn Jones,1.194428086361639,-0.6560251190436133,-0.6060378280789187,2,Consumer
Duae Moringaez,-0.6012801090385869,-0.6560251190436133,-0.6430707572290646,0,Small Business
Duane Huffman,1.330720186411989,-0.5330008939588043,-0.4716016794776452,2,Home Office
Ean McVeigh,0.4149329176526195,-0.6560251190436133,-0.6149560013625872,2,Corporate
Echa Smith,1.9954430603417663,-0.6560251190436133,-0.6057855756819734,2,Home Office
Ecin Brown,-0.1421909299216183,-0.6560251190436133,-0.3443243239800151,0,Small Business
Ed Braxton,-0.5128097984795877,1.31236248231333,1.2532252869087652,1,Consumer
Ed Jacobs,1.4909231812080146,-0.5330008939588043,-0.3169210716914955,2,Corporate
Ed Ludwig,-0.9742900670711238,0.5742171318044763,-0.0516134453691603,0,Corporate
Edward Becker,-0.1182800351759428,1.804459382652566,2.7461936159624525,1,Consumer
Edward Hooks,1.6702548918005804,-0.0409039936195684,-0.441302779882525,2,Corporate
Edward Nazzal,-1.120146525019744,0.8202655819740942,0.5482220254923523,0,Home Office
Eelia Bern,0.2140814017889458,-0.6560251190436133,-0.6222855538651464,0,Consumer
Eic Selver,0.1949526859924054,-0.6560251190436133,-0.6224280297560136,0,Corporate
Eleni McCrary,-0.1111067667522402,-0.4099766688739953,-0.5002674345757603,0,Consumer
Eleni McCrrary,-0.1111067667522402,-0.6560251190436133,-0.675254615779946,0,Home Office
Elima Hackney,1.199210265310774,-0.6560251190436133,-0.4538513147747764,2,Corporate
Ellis Ballard,-0.3263048194633192,-0.0409039936195684,-0.425104103173481,0,Corporate
Ellis Dallentan,0.3025517123479449,-0.6560251190436133,-0.5372336511417604,2,Corporate
Emily Grady,-1.0842801829012307,1.804459382652566,3.541717131795811,1,Small Business
Enda Mitchell,1.6965568760208234,-0.6560251190436133,-0.3443243239800151,2,Small Business
Enpleneima,0.9027151704643986,-0.6560251190436133,-0.6668041604822803,2,Home Office
Eria McGuire,-1.3759930987984712,-0.6560251190436133,-0.6918710855214305,0,Corporate
Erias Ashbrook,-0.7399632985635044,-0.6560251190436133,-0.6861340952436827,0,Home Office
Eric Barreto,-0.7567009248854772,2.788653183331037,2.322459368068602,1,Corporate
Erica Bern,-0.8069138038513957,-0.2869524437891864,-0.5586710174590077,0,Corporate
Erica Hackney,-1.3736020093239036,-0.5330008939588043,-0.5835205791769477,0,Corporate
Erica Hernandez,-1.2373099092735536,0.3281686816348583,-0.2831874593737911,0,Home Office
Erica Melson,0.1256110912299466,-0.6560251190436133,-0.6984795727955692,0,Corporate
Erica Smith,-0.6060622879877219,0.8202655819740942,0.8013875235619589,0,Consumer
Erin Ashbrook,-1.2086168355787432,0.3281686816348583,-0.4996541021418682,0,Corporate
Erin Creighton,-0.3597800721072648,0.6972413568892852,0.0466157984963853,0,Corporate
Erina Nurn,1.5650469549196084,-0.6560251190436133,-0.6449941817557721,2,Consumer
Eudokia Martin,1.844804423444011,0.2051444565500494,0.8098606056660635,2,Home Office
Eudokian,-1.060369288155555,-0.6560251190436133,-0.5601546060644212,0,Consumer
Eugene Barchas,1.4335370338183937,-0.4099766688739953,-0.5959880225145098,2,Home Office
Eugene Hildebrand,1.4694033759369065,0.4511929067196673,-0.0573586104931054,2,Corporate
Eugene Moren,0.6086111650925906,1.804459382652566,1.3048355361072077,1,Home Office
Eulex Forman,1.2422498758529898,-0.6560251190436133,-0.5370548263811944,2,Corporate
Eva Jacobs,-0.7590920143600448,0.8202655819740942,-0.2155796565796679,0,Small Business
Feorge Ashbrook,0.6970814756515897,-0.6560251190436133,-0.6663909658008258,2,Corporate
Ferighting,1.7324232181393364,-0.6560251190436133,-0.6810199625554408,2,Consumer
Flank Prite,0.5057943176861862,-0.6560251190436133,-0.6064201481180388,2,Home Office
Fley Castell,1.818502439223768,-0.6560251190436133,-0.6843981082619276,2,Corporate
Frank Atkinson,-1.230136640849851,-0.1639282187043774,-0.4996265850256506,0,Home Office
Frank Carlisle,1.8806707655625243,-0.6560251190436133,-0.6737103727353366,2,Corporate
Frank Hawley,-0.7877850880548553,-0.1639282187043774,-0.0591162754152231,0,Home Office
Frank Merwin,0.6301309703636986,0.2051444565500494,-0.1460028836871665,2,Consumer
Frank Price,-0.7495276564617745,-0.1639282187043774,0.0520410862680121,0,Corporate
Fred Chung,-0.0369829930406463,-0.5330008939588043,-0.4610864186078775,0,Consumer
Fred McMath,-0.1087156772776727,-0.6560251190436133,-0.6007570234148595,0,Home Office
Fred Wasserman,-1.0436316618335826,0.8202655819740942,0.1007655782639586,0,Consumer
Fredhen Memon,0.0467051385692176,-0.6560251190436133,-0.6865080944572093,0,Corporate
Fren Wabre,0.0347496911963799,-0.6560251190436133,-0.638674514717372,0,Consumer
Gaorge Cnr Hugher,-1.2731762513920668,-0.6560251190436133,-0.6753227151683575,0,Small Business
Garry Greene,0.4914477808387809,-0.6560251190436133,-0.6898970791338773,2,Corporate
Gary Hansen,0.6946903861770223,0.4511929067196673,1.053025274258747,2,Corporate
Gary Hwang,-1.242092088222689,2.050507832822184,0.7587763202327799,1,Consumer
Gary Zandusky,-0.2737008510228332,-0.2869524437891864,-0.52607484010305,0,Corporate
Gen Letin,2.074349013002496,-0.6560251190436133,-0.617757710927617,2,Consumer
Gene Hale,0.84293793360021,0.2051444565500494,-0.4914264843927771,2,Corporate
Gene Hell,1.1968191758362066,-0.6560251190436133,-0.6906159546713523,2,Home Office
George Ashbrook,-0.7399632985635044,2.5426047331614194,2.7812698737783657,1,Corporate
George Beck,-0.0585027983117542,-0.6560251190436133,-0.6855414188943786,0,Home Office
George Bell,-0.7806118196311527,-0.6560251190436133,-0.6916674442634799,0,Consumer
George Zrebassa,-1.146448509239987,2.6656289582462285,1.1034364851901703,1,Home Office
Gey Krith,1.194428086361639,-0.6560251190436133,-0.6608322163660583,2,Home Office
Giulietta Baptist,-1.0555871092064202,1.6814351575677569,3.096801382971718,1,Home Office
Giulietta Dortch,-0.5152008879541552,0.8202655819740942,1.95005322769484,1,Corporate
Giulietta Weimer,-1.2731762513920668,1.1893382572285212,0.1235157007980053,0,Home Office
Grant Carroll,-1.2157901040024457,3.280750083670273,3.105226109400772,1,Home Office
Grant Thornton,-1.007765319715069,0.5742171318044763,0.7737315444434558,0,Small Business
Grean Thornton,0.30733389129708,-0.6560251190436133,-0.6658890886360701,2,Corporate
Greg Guthrie,0.4675368860931055,-0.1639282187043774,-0.4771533854065373,2,Home Office
Greg Hansen,-0.7112702248686938,0.8202655819740942,0.4529256901743332,0,Home Office
Greg Tran,0.1734328807212975,0.4511929067196673,0.9166810289673858,0,Consumer
Gregh Bank,-0.7351811196143694,-0.6560251190436133,-0.6106977823701722,0,Corporate
Grobbarah Frawer,1.3904974232761778,-0.6560251190436133,-0.5619341678959959,2,Home Office
Guy Armstrong,-1.2851316987649046,0.9432898070589032,0.6413062985221708,0,Small Business
Harold Dahlen,-0.8356068775462062,1.31236248231333,0.7970335785803676,1,Corporate
Harold Pawlan,-1.3544732935273631,1.066314032143712,2.466992583063863,1,Corporate
Harold Ryan,0.548833928228402,-0.2869524437891864,0.0792737616318612,2,Corporate
Harry Golzay,-0.369344430005535,-0.6560251190436133,-0.6816828914892531,0,Corporate
Harry Greene,-0.6251910037842623,-0.1639282187043774,-0.6309361469152497,0,Small Business
Haura Armstrong,-0.0250275456678086,-0.6560251190436133,-0.6501706111514194,0,Corporate
Heather Kirkland,-0.689750419597586,-0.6560251190436133,-0.3443243239800151,0,Home Office
Helen Andreada,1.2709429495478004,0.4511929067196673,2.015411013557704,1,Corporate
Henny Holldon,-0.127844393074213,-0.6560251190436133,-0.5986026594830782,0,Corporate
Henry Goldwyn,-0.3310869984124543,0.5742171318044763,0.013251404566976,0,Corporate
Hilary Holden,1.2565964127003952,-0.6560251190436133,-0.3666071664662484,2,Small Business
Hirlia Sunley,0.838155754651075,-0.6560251190436133,-0.3959671265838502,2,Small Business
Hoy Smith,1.840022244494876,-0.6560251190436133,-0.5239632846292572,2,Consumer
Hunter Glantz,-0.7519187459363421,-0.4099766688739953,-0.4114976920905102,0,Corporate
Ionia McGrath,0.3742843965849712,-0.5330008939588043,0.0126293498641502,2,Home Office
Jack Lebron,-0.048938440413484,-0.2869524437891864,-0.0855086933735069,0,Small Business
Jack OBriant,-1.2086168355787432,1.6814351575677569,4.088597956207916,1,Corporate
Jam Mailer,0.5560071966521046,-0.6560251190436133,-0.6877404525214522,2,Corporate
James Galang,0.1566952543993247,-0.5330008939588043,-0.3523178272721612,0,Corporate
Jamie Kunitz,-0.3669533405309675,0.2051444565500494,-0.1059072703061117,0,Corporate
Jan Machine,1.8280667971220383,-0.6560251190436133,-0.3443243239800151,2,Consumer
Janet Lee,-0.2210968825823472,-0.4099766688739953,-0.2517139730605454,0,Corporate
Janet Martin,-0.3645622510563999,0.4511929067196673,0.0168770948348748,0,Corporate
Jarie Kunitz,-0.4602058300391017,-0.6560251190436133,-0.555175102874491,0,Corporate
Jasper Cacioppo,-0.983854424969394,2.6656289582462285,2.3602257706958616,1,Corporate
Jeenine Kunder,-1.242092088222689,-0.6560251190436133,-0.6756914591236144,0,Corporate
Jegerrin Martin,1.8806707655625243,-0.6560251190436133,-0.3920718853605351,2,Home Office
Jelar Gacuratha,-0.1374087509724832,-0.6560251190436133,-0.6745707752976023,0,Consumer
Jena Casterl,-0.6323642722079649,-0.6560251190436133,-0.6861126362724149,0,Consumer
Jename Hans,-0.1684929141418613,-0.6560251190436133,-0.3443243239800151,0,Consumer
Jenna Caffey,-0.3119582826159139,0.2051444565500494,0.5544445432424612,0,Consumer
Jennifer Braxton,0.4053685597543494,-0.6560251190436133,-0.6843100826859103,2,Corporate
Jennifer Jackson,-1.2277455513752835,-0.1639282187043774,0.6592271306651627,0,Consumer
Jennifer Patt,1.010314196819938,0.4511929067196673,0.9896636106619884,2,Home Office
Jennis Pardel,-0.8690821301901518,-0.6560251190436133,-0.6924678492938335,0,Corporate
Jere Hund,0.8525022914984801,-0.6560251190436133,-0.6844874476525123,2,Small Business
Jeremy Lonsdale,0.9601013178540196,-0.4099766688739953,0.0280270741201042,2,Corporate
Jeremy Pistek,-1.3496911145782282,3.526798533839892,1.3283660279994547,1,Consumer
Jesus Ocampo,-0.689750419597586,1.435386707398139,0.5398980978364991,1,Home Office
Jiel Smearn,1.6272152812583645,-0.6560251190436133,-0.6975349401215919,2,Corporate
Jill Fjeld,0.7616408914649134,-0.5330008939588043,-0.1455606026109831,2,Corporate
Jill Stevenson,-1.330562398781688,-0.1639282187043774,-0.1722435195680638,0,Corporate
Jim Epp,1.8352400655457408,-0.6560251190436133,-0.4899553040360558,2,Corporate
Jim Karlsson,-0.768656372258315,-0.6560251190436133,-0.6845400002352093,0,Corporate
Jim Kriz,-1.1081910776469062,2.788653183331037,2.971052723712983,1,Home Office
Jim Mitchum,0.9218438862609388,-0.5330008939588043,0.0126293498641502,2,Corporate
Jim Sink,0.4268883650254572,-0.6560251190436133,-0.6376736069860902,2,Corporate
Jind Marthon,-0.7877850880548553,-0.6560251190436133,-0.6975336263070244,0,Home Office
Jiner Carlon,-0.0871958720065648,-0.6560251190436133,-0.6612927813616383,0,Small Business
Jiz Kallsten,-0.4602058300391017,-0.6560251190436133,-0.6960201119253528,0,Home Office
Jizlia MacKendrick,-0.4649880089882368,-0.6560251190436133,-0.6834363959985739,0,Small Business
Jock OBriant,0.0730071227894606,-0.6560251190436133,-0.3443243239800151,0,Home Office
John Castell,-1.0436316618335826,0.5742171318044763,1.3154940757545224,1,Small Business
John Dryer,1.541136060173933,-0.4099766688739953,-0.2502544710555346,2,Corporate
John Huston,-0.8260425196479361,-0.4099766688739953,-0.3546738617400419,0,Home Office
John Lee,-0.7997405354276931,1.927483607737375,1.4606656221553054,1,Home Office
John Lucas,-0.7567009248854772,2.6656289582462285,1.6172313348766123,1,Corporate
John Murra,1.471794465411474,-0.6560251190436133,-0.6831765526730169,2,Small Business
John Murray,-1.2110079250533106,0.2051444565500494,1.9319651761532943,1,Small Business
Jona Lucar,1.703730144444526,-0.6560251190436133,-0.6125718658609032,2,Small Business
Jonathan Doherty,-1.1847059408330676,-0.2869524437891864,-0.1610677384245241,0,Corporate
Jonathan Dohery,-0.8236514301733685,-0.6560251190436133,-0.6099230697135818,0,Corporate
Jonathan Howell,0.2714675491785668,-0.5330008939588043,-0.3493776562496646,0,Small Business
Jone Willina,-0.5749781248183439,-0.6560251190436133,-0.6993434058736498,0,Small Business
Jonest Rantza,-0.1374087509724832,-0.6560251190436133,-0.6835546393096419,0,Consumer
Joni Murtas,1.0390072705147486,-0.6560251190436133,-0.6379311146413051,2,Small Business
Joni Sundaresam,-1.1392752408162845,-0.5330008939588043,-0.5066570622398755,0,Home Office
Joni Wasserman,0.0156209753998396,-0.1639282187043774,-0.1587807157162823,0,Home Office
Jonit MacIntyre,1.5004875391062846,-0.6560251190436133,-0.6400367214546954,2,Corporate
Joseph Airdo,0.0251853332981097,1.1893382572285212,0.244736079181022,0,Small Business
Joseph Ardolo,0.5942646282451853,-0.6560251190436133,-0.6693960976547116,2,Consumer
Joukine Gilding,-0.6227999143096947,-0.6560251190436133,-0.5820197650027613,0,Corporate
Joy Bell,-0.4769434563610745,-0.5330008939588043,-0.2771660647370452,0,Home Office
Joy Daniels,-1.3688198303747685,0.0821202314652404,0.8190791680526337,0,Small Business
Joy Smith,0.4316705439745923,0.0821202314652404,0.5833524416643222,2,Home Office
Ju Letch,1.194428086361639,-0.6560251190436133,-0.3443243239800151,2,Small Business
Julia Barnett,-1.3640376514256336,1.31236248231333,2.091238405234117,1,Small Business
Julia Dunbar,0.3790665755341064,1.066314032143712,0.2109404621147049,0,Consumer
Juliana Krohn,0.9959676599725328,-0.6560251190436133,-0.6776156500421527,2,Consumer
Julie Dunbar,0.3790665755341064,-0.6560251190436133,-0.3443243239800151,2,Corporate
Julie Kriz,1.7443786655121742,-0.2869524437891864,-0.4700158323050672,2,Corporate
Julie Prescott,-0.0513295298880516,0.5742171318044763,1.3971047331773363,1,Corporate
Justin Ellison,1.1346508494974503,-0.1639282187043774,-0.2209700187807105,2,Small Business
Justin Hirsh,1.419190496970988,-0.4099766688739953,-0.1966603253654342,2,Corporate
Justin Kanez,-1.2014435671550403,-0.6560251190436133,-0.6826743835494684,0,Corporate
Justin Knight,-0.9599435302237184,2.296556282991802,0.730973850790009,1,Small Business
Kand Hare,-0.5893246616657491,-0.6560251190436133,-0.6739637929674528,0,Consumer
Karen Ferguson,0.0156209753998396,-0.4099766688739953,-0.3976497580962283,0,Small Business
Karl Brofe,0.9864033020742626,-0.6560251190436133,-0.6230896813701076,2,Corporate
Karl Brown,-0.4052107721240482,1.927483607737375,1.1827671634106172,1,Small Business
Kather Buire,1.713294502342796,-0.6560251190436133,-0.3443243239800151,2,Home Office
Katherine Ducich,-1.0125474986642045,-0.1639282187043774,0.0853088418370178,0,Small Business
Katherine Murray,-0.8786464880884219,-0.5330008939588043,-0.6081989435577825,0,Corporate
Katherine Nockton,0.4268883650254572,-0.4099766688739953,-0.2641062370089717,2,Consumer
Katrina Edelman,-0.1230622141250779,0.4511929067196673,0.5516019594464447,0,Home Office
Katrina Willman,0.4340616334491599,-0.4099766688739953,-0.6741964841252831,2,Home Office
Kean Takahito,-0.0800226035828621,-0.4099766688739953,-0.202813356922866,0,Small Business
Kean Thornton,-1.356864383001931,2.9116774084158465,0.5203481721247515,1,Home Office
Kean Thrrason,-1.2277455513752835,-0.6560251190436133,-0.6915097865153892,0,Corporate
Keith Dawkins,-0.0011166509221331,-0.1639282187043774,0.2803819121067617,0,Corporate
Keith Herrera,-0.9240771881052052,0.2051444565500494,0.0606527028192817,0,Small Business
Kelly Collister,0.6229577019399959,-0.4099766688739953,-0.6496365455297618,2,Home Office
Kelly Lampkin,-0.2497899562771578,0.3281686816348583,-0.5158900035969892,0,Corporate
Kelly Williams,-0.983854424969394,0.9432898070589032,1.1903575445996597,1,Small Business
Ken Dana,-0.4123840405477508,-0.2869524437891864,-0.6089388036334872,0,Small Business
Ken Danat,-1.2612208040192292,-0.6560251190436133,-0.6812849516547202,0,Home Office
Ken Heidel,-1.3544732935273631,-0.2869524437891864,-0.2299120961905362,0,Home Office
Ken Lonsdale,-1.242092088222689,0.3281686816348583,0.1635393463366446,0,Small Business
Ken Lonsdalel,1.2709429495478004,-0.6560251190436133,-0.3443243239800151,2,Small Business
Ken Plitt,1.3331112758865566,-0.6560251190436133,-0.6416986968824857,2,Corporate
Khith Dawkins,0.2738586386531344,-0.6560251190436133,-0.6392692347782256,2,Small Business
Kol Adams,-0.0967602299048349,-0.6560251190436133,-0.3443243239800151,0,Consumer
Kristina Nunn,1.471794465411474,0.4511929067196673,-0.0444591046371065,2,Corporate
Lany Sayre,-0.742354388038072,-0.6560251190436133,-0.644543543359146,0,Consumer
Larry Green,0.948145870481182,-0.6560251190436133,-0.5696285229101097,2,Small Business
Larry Hughes,-0.1493641983453209,0.0821202314652404,0.2784260071643596,0,Home Office
Larry Tron,-0.1924038088875367,2.5426047331614194,3.1385983497227365,1,Small Business
Laura Armstrong,-1.0723247355283931,0.6972413568892852,0.1996760349827132,0,Small Business
Laurel Elliston,-1.2086168355787432,-0.0409039936195684,-0.5777981503439887,0,Corporate
Laurel Workman,-1.3377356672053906,-0.2869524437891864,-0.4185742987939916,0,Corporate
Lauren Leatherbury,0.0275764227726773,0.6972413568892852,0.5448035164827664,0,Small Business
Laurien Vistorini,-0.0130720982949709,-0.6560251190436133,-0.516140942179367,0,Home Office
Lcoras Songe,-0.5223741563778579,-0.6560251190436133,-0.6088470555828622,0,Small Business
Lena Creighton,-1.2325277303244186,2.4195805080766104,0.5355833118279869,1,Small Business
Lena Creightor,-0.584542482716614,-0.5330008939588043,-0.6376674758514422,0,Home Office
Lena Radford,1.1872548179379363,-0.2869524437891864,-0.2814221670282126,2,Home Office
Lie Pelle Rcce,-1.098626719748636,-0.6560251190436133,-0.6619131937962548,0,Corporate
Linda Southworth,-0.5558494090218035,0.5742171318044763,1.7622006268237105,1,Home Office
Lindsay Castell,-0.8523445038681791,0.4511929067196673,0.3565982658848307,0,Home Office
Lindsay Shagiari,-0.983854424969394,0.6972413568892852,0.4178877154551211,0,Corporate
Lisa DeCherney,-1.1057999881723388,0.3281686816348583,0.2834222979848735,0,Consumer
Lisa Gouktamey,-0.5964979300894517,-0.6560251190436133,-0.5472779094891068,0,Small Business
Lisa Hazard,-1.2755673408666344,-0.2869524437891864,-0.1474985520876304,0,Home Office
Lisa Hizard,1.6367796391566347,-0.6560251190436133,-0.6580475134007068,2,Home Office
Liz Carlisle,-1.151230688189122,-0.4099766688739953,-0.6371608178614551,0,Home Office
Liz MacKendrick,0.0682249438403256,0.4511929067196673,0.9457396876108588,0,Corporate
Liz Pelletier,1.6893836075971207,-0.2869524437891864,-0.52168575058178,2,Home Office
Liz Price,0.6659973124822117,0.0821202314652404,-0.3844589503547524,2,Corporate
Liz Willingham,1.0342250915656137,1.435386707398139,0.2233408644144794,2,Home Office
Lizard Blumshen,0.4173240071271871,-0.6560251190436133,-0.3443243239800151,2,Corporate
Logan Haushalter,-1.1392752408162845,0.2051444565500494,0.5375873899711946,0,Corporate
Lona Radford,1.1442152073957206,-0.6560251190436133,-0.6620877851543258,2,Consumer
Lugen Donell,-1.127319793443447,-0.6560251190436133,-0.6663597262100003,0,Home Office
Luke Foster,-1.1679683145110948,-0.2869524437891864,-0.0521065637701332,0,Corporate
Luke Weiss,-1.3377356672053906,-0.4099766688739953,-0.2764529188908781,0,Small Business
Luzen McCrida,1.851977691867713,-0.6560251190436133,-0.5200901592844936,2,Corporate
Lycoris Saunders,-0.3215226405141841,0.3281686816348583,-0.1017103626601767,0,Corporate
Lyna Chang,-0.8284336091225035,-0.6560251190436133,-0.6906772660178321,0,Corporate
Lynn Smith,0.0993091070097036,0.2051444565500494,-0.1624423169156907,0,Home Office
Macc Creighton,0.6373042387874012,-0.6560251190436133,-0.68502231616085,2,Corporate
Macc Crier,-1.2707851619174992,-0.6560251190436133,-0.68129867371798,0,Corporate
Macca Stiss,-0.6777949722247483,-0.6560251190436133,-0.6952052549347578,0,Small Business
Mack Vonner,-0.5247652458524255,-0.6560251190436133,-0.6737721950097036,0,Corporate
Magdelene Morse,-0.6849682406484509,0.9432898070589032,1.4010093535768688,1,Home Office
Magdelene Mosse,0.6946903861770223,-0.6560251190436133,-0.6786503155088476,2,Corporate
Marc Crier,-1.1225376144943116,0.9432898070589032,0.1633450477600623,0,Corporate
Maria Bertelson,-0.4865078142593447,0.5742171318044763,0.0506646465395418,0,Home Office
Maria Zettner,-0.9814633354948264,-0.2869524437891864,-0.3458051754717464,0,Consumer
Marian Bern,0.84293793360021,-0.6560251190436133,-0.6941912820474999,2,Home Office
Mariart Ferne,-1.242092088222689,-0.6560251190436133,-0.6633328434260538,0,Consumer
Maribeth Dona,-0.8906019354612598,-0.5330008939588043,-0.2626085613918074,0,Small Business
Marina Lichtensneick,1.1298686705483154,-0.6560251190436133,-0.6686743755190072,2,Consumer
Marina Lichtenstein,1.5793934917670136,-0.6560251190436133,-0.5910437003591072,2,Small Business
Mark Hanes,0.7186012809226977,-0.6560251190436133,-0.4501029288242199,2,Home Office
Mark Packer,-1.3162158619342823,-0.5330008939588043,-0.4451166740872072,0,Consumer
Mark Van Huff,1.273334039022368,-0.4099766688739953,-0.273877586874785,2,Small Business
MaryBeth Skach,-1.383166367222174,-0.5330008939588043,-0.3182670017261223,0,Small Business
Mathew Reese,1.199210265310774,-0.5330008939588043,-0.3012285785394005,2,Consumer
Matt Collister,-1.292304967188607,1.558410932482948,1.602190201791167,1,Corporate
Matt Connell,-1.2014435671550403,-0.5330008939588043,-0.2914183251644517,0,Corporate
Matthew Clasen,-1.0484138407827177,1.435386707398139,1.556801594466455,1,Small Business
Matthew Grinstein,-1.213399014527878,0.6972413568892852,-0.2920462555379817,0,Small Business
Maureen Gastineau,-0.9432059039017456,-0.6560251190436133,-0.5568284655178949,0,Corporate
Maurice Satty,-1.2755673408666344,0.4511929067196673,0.1477947020451927,0,Consumer
Max Engle,0.0251853332981097,-0.5330008939588043,-0.5663066157660784,0,Small Business
Max Jonel,1.6798192496988504,-0.6560251190436133,-0.6890893021440065,2,Consumer
Max Jones,-1.383166367222174,0.8202655819740942,0.3172343012384342,0,Corporate
Maxwell Schwartz,-0.1254533035996455,-0.5330008939588043,-0.6341372561087762,0,Small Business
May Stewart,1.5435271496485006,-0.6560251190436133,-0.3443243239800151,2,Corporate
Maya Herman,0.4221061860763221,0.6972413568892852,2.5573285019980285,1,Corporate
Meal Prost,1.4813588233097443,-0.6560251190436133,-0.3443243239800151,2,Corporate
Melan DeCherney,-0.2354434194297525,-0.6560251190436133,-0.6961278447198816,0,Home Office
Melanie Page,0.9720567652268574,-0.6560251190436133,-0.6098627802228767,2,Consumer
Michael Chel,-0.3669533405309675,-0.6560251190436133,-0.6637247981053349,0,Corporate
Michael Grace,1.5554825970213382,-0.1639282187043774,-0.3240554132462451,2,Small Business
Michael Granlund,1.5913489391398514,-0.6560251190436133,-0.6843008859839383,2,Small Business
Michael Kennody,-0.5247652458524255,-0.6560251190436133,-0.5143964154029236,0,Corporate
Michael Nguyen,0.627739880889131,-0.5330008939588043,-0.6411941920885952,2,Consumer
Michael Oakman,-0.3023939247176438,5.372161910112025,4.079921196351012,1,Consumer
Michael Paige,-1.1870970303076351,-0.0409039936195684,0.3757260921719444,0,Corporate
Michael Stewart,-0.9336415460034756,-0.5330008939588043,-0.2613240886830567,0,Home Office
Michelle Arnett,-0.9455969933763132,-0.6560251190436133,-0.6694758024051354,0,Corporate
Michelle Huthwait,-1.3640376514256336,-0.6560251190436133,-0.3443243239800151,0,Corporate
Michelle Huthwaite,-0.9169039196815028,-0.4099766688739953,-0.6205335091497894,0,Corporate
Michelle Lonsdale,0.1519130754501896,-0.2869524437891864,0.0754152342267358,0,Consumer
Michelle Moray,-0.7256167617160991,1.1893382572285212,1.4746828192596904,1,Small Business
Mick Barreto,-1.1536217776636897,-0.6560251190436133,-0.3556466684375206,0,Consumer
Mick Brown,1.997834149816334,-0.2869524437891864,-0.4827269882448864,2,Corporate
Mick Crebagga,1.567438044394176,-0.6560251190436133,-0.6662779777480273,2,Corporate
Mickael Khring,0.0467051385692176,-0.6560251190436133,-0.4782763684080423,0,Small Business
Mihch Gernen,1.7324232181393364,-0.6560251190436133,-0.3842939571419935,2,Home Office
Mike Gockenbach,0.1088734649079738,1.804459382652566,0.6125252561957644,1,Consumer
Mike Kennedy,-1.0627603776301229,2.9116774084158465,3.31503189478626,1,Consumer
Mike Konness,1.7324232181393364,-0.6560251190436133,-0.6262329097329693,2,Home Office
Mike Vittorini,-0.022636456193241,-0.6560251190436133,-0.48398956404418,0,Small Business
Miklet Nandell,0.2714675491785668,-0.6560251190436133,-0.6965237408428652,2,Small Business
Miran Bettner,1.1226954021246127,-0.6560251190436133,-0.4912778773672618,2,Home Office
Miran Jacobs,2.028918312985712,-0.6560251190436133,-0.6721980261888362,2,Corporate
Mitch Gaftin,1.8806707655625243,-0.6560251190436133,-0.5203803298296488,2,Small Business
Mitch Gastineau,1.7682895602578497,-0.1639282187043774,0.1425524359417779,2,Corporate
Mitch Webber,-0.1661018246672937,0.3281686816348583,0.372294372026986,0,Home Office
Molie Backet,0.8309824862273723,-0.6560251190436133,-0.6791883955639056,2,Home Office
Mone Answer,0.5966557177197529,-0.6560251190436133,-0.6212666906681097,2,Small Business
Monica Federle,-1.2636118934937963,2.296556282991802,2.241378542864951,1,Corporate
Muga Zarlton,0.70664583354986,-0.6560251190436133,-0.6746571951002596,2,Home Office
Muhammed Yedwab,-1.3018693250868774,-0.1639282187043774,0.0523545040320407,0,Small Business
Muria Zettner,-1.2731762513920668,-0.5330008939588043,-0.6404479454142988,0,Consumer
Murichelle Moray,1.022269644192776,-0.6560251190436133,-0.6825267983797279,2,Home Office
Muth Yarre,1.1824726389888014,-0.6560251190436133,-0.6546092606777603,2,Corporate
Nancy Lomonaco,1.6224331023092295,0.9432898070589032,0.6563052070672137,2,Small Business
Nara Carroll,1.8687153181896865,-0.6560251190436133,-0.6958440607733183,2,Corporate
Nara Price,1.4694033759369065,-0.6560251190436133,-0.4572139501703978,2,Consumer
Naresj Patel,-1.1034088986977713,2.1735320579069928,0.9389870091879456,1,Small Business
Nat Carroll,0.1423487175519194,-0.2869524437891864,-0.1522318245307161,0,Home Office
Nat Gilpin,1.2948538442934758,-0.5330008939588043,-0.631797936281781,2,Small Business
Natalie Webber,2.0265272235111444,-0.4099766688739953,-0.1606733385903535,2,Home Office
Nathan Gauner,-0.5486761405981009,-0.6560251190436133,-0.5706081906392182,0,Corporate
Nathan Gelder,-1.0340673039353123,-0.4099766688739953,-0.2961095190465306,0,Consumer
Nathan Geldres,0.065833854365758,-0.6560251190436133,-0.6623146371363008,0,Small Business
Nathan Mautz,0.0897447491114334,0.5742171318044763,0.999543386724463,0,Consumer
Neil French,-0.0274186351423761,-0.1639282187043774,-0.106070475271265,0,Corporate
Neil Knudson,-0.8164781617496658,3.157725858585464,5.118012106076762,1,Home Office
Nick Crebassa,-0.6227999143096947,-0.6560251190436133,-0.6272476125172092,0,Small Business
Nick Zandusky,1.304418202191746,1.066314032143712,1.5014779213828893,1,Home Office
Nicole Brennan,-1.127319793443447,0.9432898070589032,0.9854853518839406,1,Small Business
Nicole Hansen,0.5464428387538345,-0.6560251190436133,-0.3443243239800151,2,Corporate
Nivek Grady,-0.8140870722750982,-0.6560251190436133,-0.6821400989587163,0,Corporate
Noah Childs,1.9213192866301725,-0.1639282187043774,-0.1137009278046132,2,Consumer
Noel Staavos,-0.4865078142593447,-0.1639282187043774,-0.5165223133524106,0,Corporate
Nona Balk,-0.0871958720065648,-0.5330008939588043,-0.3166223248568031,0,Small Business
Nora Paige,-0.8045227143768281,1.6814351575677569,1.2938366090023825,1,Home Office
Nora Pelletier,-0.0824136930574297,-0.1639282187043774,-0.3703443120032835,0,Consumer
Nora Price,-1.2636118934937963,2.5426047331614194,1.9488943337618256,1,Small Business
Norah Price,-0.0776315141082946,-0.6560251190436133,-0.6447182806966132,0,Consumer
Odella Nelson,-1.0555871092064202,0.2051444565500494,-0.4249295118154102,0,Consumer
Olvera Toch,-0.3908642352766429,1.6814351575677569,0.5422352644673977,1,Corporate
Otrick Jones,0.6612151335330766,-0.6560251190436133,-0.6657358102698707,2,Corporate
Pamela Coakley,0.9816211231251276,-0.5330008939588043,-0.099502132331131,2,Corporate
Pamela Stobb,0.2977695333988098,0.4511929067196673,0.7991973946780645,0,Consumer
Panelope Sewall,1.6965568760208234,-0.6560251190436133,-0.6863530643382533,2,Corporate
Parrica Meson,1.2709429495478004,-0.6560251190436133,-0.3443243239800151,2,Home Office
Parrick Blostek,-1.1249287039688791,-0.6560251190436133,-0.6705872895291753,0,Corporate
Patrick Bzostek,-1.127319793443447,-0.2869524437891864,-0.5470058403891029,0,Corporate
Patrick Gardner,-0.4960721721576149,-0.0409039936195684,-0.297085281826786,0,Corporate
Patrick Gardun,-1.3736020093239036,-0.6560251190436133,-0.6763569791917123,0,Home Office
Patrick Gradz,-1.2612208040192292,-0.6560251190436133,-0.6710888747351382,0,Corporate
Patrick Groys,-0.7590920143600448,-0.6560251190436133,-0.3443243239800151,0,Corporate
Patrick Jones,-1.1368841513417167,3.772846984009509,2.6339698747886584,1,Home Office
Patrick Junes,1.194428086361639,-0.6560251190436133,-0.589863019001183,2,Home Office
Patrick OBrill,-1.256438625070094,2.5426047331614194,4.96639666417126,1,Home Office
Patrick ODonnell,-1.3257802198325528,1.1893382572285212,1.1662041951179063,1,Corporate
Patrick Ryan,0.0108387964507045,-0.0409039936195684,0.3719346422994559,0,Corporate
Patt Bawkins,-0.6993147774958561,-0.6560251190436133,-0.3443243239800151,0,Small Business
Paul Knutson,-1.3783841882730388,0.6972413568892852,2.6570815517926905,1,Small Business
Paul Lucas,1.7826360971052548,0.2051444565500494,-0.2855887474545496,2,Consumer
Paul MacIntyre,-1.1440574197654194,0.2051444565500494,0.5959189685171775,0,Consumer
Paul Prost,0.2379922965346212,0.0821202314652404,-0.0953093850979928,0,Corporate
Pauline Chand,-1.2110079250533106,0.8202655819740942,1.7137679476411285,1,Home Office
Pauline Chring,-1.1751415829347975,-0.6560251190436133,-0.6145951402947349,0,Home Office
Pauline Webber,0.1662596122975949,0.3281686816348583,0.550197382189322,0,Small Business
Peel Damper,0.2021259544161081,-0.6560251190436133,-0.5866643184676967,0,Corporate
Peel Thomas,1.194428086361639,-0.6560251190436133,-0.6537455005893777,2,Corporate
Peilin Ludson,1.194428086361639,-0.6560251190436133,-0.6753341015612753,2,Small Business
Penelo Stobber,2.024136134036577,-0.6560251190436133,-0.3443243239800151,2,Consumer
Penelope Sewall,0.1303932701790817,-0.4099766688739953,-0.5531813892684264,0,Home Office
Penelope Sewart,0.1303932701790817,-0.6560251190436133,-0.3443243239800151,0,Corporate
Perel Freme,1.1274775810737478,-0.6560251190436133,-0.6867610037614382,2,Corporate
Pester Thompr,0.9553191389048844,-0.6560251190436133,-0.6720529226688341,2,Corporate
Pete Armstrong,-0.9671167986474212,2.6656289582462285,2.008945951040509,1,Home Office
Peter Buhler,-0.7758296406820175,-0.5330008939588043,-0.3279068971454952,0,Home Office
Peter Fuller,-0.2976117457685087,-0.2869524437891864,-0.6047889743428847,0,Corporate
Peter McVee,0.1782150596704326,0.2051444565500494,1.1809455230180363,0,Corporate
Peuline Chand,1.199210265310774,-0.6560251190436133,-0.6970434274939792,2,Corporate
Philip Brown,-0.0417651719897814,3.895871209094318,1.5983237550037874,1,Corporate
Philip Fox,-0.8595177722918816,-0.4099766688739953,-0.306693755181088,0,Small Business
Phillip Flathmann,-0.1206711246505104,2.9116774084158465,2.22806332418291,1,Home Office
Phillip Flatsman,-0.6299731827333974,-0.6560251190436133,-0.6679806814274077,0,Consumer
Pres Peremoti,0.8644577388713178,-0.6560251190436133,-0.6746141311783274,2,Consumer
Pyer Kendd,-0.8523445038681791,-0.6560251190436133,-0.648345868696665,0,Corporate
Quincy Jones,-0.983854424969394,0.5742171318044763,1.943216063696272,1,Home Office
Ralph Arnett,0.3479824123647282,-0.6560251190436133,-0.6612723442461451,2,Consumer
Ralph Knight,-0.5199830669032903,-0.4099766688739953,-0.2361576421904241,0,Consumer
Randy Ferguson,-0.1924038088875367,-0.2869524437891864,-0.5505641246707231,0,Corporate
Ray Carlisle,-0.7662652827837474,-0.6560251190436133,-0.6327005268896008,0,Home Office
Raymond Book,-0.0800226035828621,-0.1639282187043774,-0.544852388828549,0,Corporate
Raymond Fair,-1.014938588138772,0.4511929067196673,-0.0947879831889712,0,Corporate
Renkel Kennedy,-0.0369829930406463,-0.6560251190436133,-0.6729981392603969,0,Small Business
Resan Morkmat,1.646343997054905,-0.6560251190436133,-0.6961095972953341,2,Small Business
Ricardo Emerson,-0.1637107351927262,-0.6560251190436133,-0.6734741780719932,0,Consumer
Richard Bierner,-1.0531960197318528,0.5742171318044763,0.7277769020092792,0,Home Office
Rick Duston,1.160952833717693,0.6972413568892852,1.1549541104616092,2,Home Office
Rick Han,2.074349013002496,-0.6560251190436133,-0.3443243239800151,2,Small Business
Rick Hansen,-1.371210919849336,3.526798533839892,5.50053994686765,1,Corporate
Rick Reed,2.0791311919516304,-0.1639282187043774,-0.2299497588748023,2,Corporate
Rick Wilson,-1.146448509239987,-0.4099766688739953,-0.6688607912081849,0,Consumer
Rick Wissen,-0.5486761405981009,-0.6560251190436133,-0.3443243239800151,0,Corporate
Rick Zandusky,-1.335344577730823,-0.6560251190436133,-0.6919919564616335,0,Small Business
Ritsa Hightower,-1.2205722829515808,1.927483607737375,2.4409420488519014,1,Home Office
Rob Haberlin,1.5841756707161487,0.4511929067196673,0.2340267751986156,2,Home Office
Robert Barroso,0.5105764966353213,-0.2869524437891864,-0.1241758618661308,2,Consumer
Robert Gastini,-0.0130720982949709,-0.6560251190436133,-0.6631878858854481,0,Consumer
Robert Marley,-0.5749781248183439,-0.2869524437891864,-0.6263733419122872,0,Home Office
Robert Martin,1.3355023653611242,-0.6560251190436133,-0.6658921542033941,2,Consumer
Roger Demir,-0.395646414225778,-0.4099766688739953,-0.5290268354566534,0,Consumer
Roland Black,-1.3759930987984712,-0.2869524437891864,0.1662643437288765,0,Corporate
Roland Breen,1.488532091733447,-0.6560251190436133,-0.6596884677954182,2,Corporate
Roland Murray,-1.2110079250533106,0.0821202314652404,0.1864503381655025,0,Corporate
Rose OBrian,-0.7519187459363421,-0.5330008939588043,-0.6811842258712179,0,Consumer
Roy Collins,-0.7303989406652343,3.280750083670273,1.1391812191569577,1,Home Office
Roy Phan,-1.1536217776636897,1.31236248231333,0.283627836974977,0,Corporate
Roy Skaria,-0.5391117826998307,2.6656289582462285,2.522396727289683,1,Small Business
Roy Skariaili,1.000749838921668,-0.6560251190436133,-0.5451793096867429,2,Small Business
Roynn Steel,-0.1087156772776727,-0.6560251190436133,-0.598618279278491,0,Corporate
Ruben Ausman,0.7544676230412108,-0.1639282187043774,-0.2437932404974948,2,Home Office
Ruben Dartt,-0.6323642722079649,-0.4099766688739953,-0.6621840585662386,0,Consumer
Ryan Crowe,-1.177532672409365,-0.6560251190436133,-0.3443243239800151,0,Corporate
Rycoris Saunders,-0.0513295298880516,-0.6560251190436133,-0.4566385723795646,0,Small Business
Sally Knutson,-1.2851316987649046,1.066314032143712,0.9518749096819324,1,Small Business
Sam Craven,0.6110022545671582,0.3281686816348583,-0.0139174778006548,2,Small Business
Samah Collister,-1.127319793443447,-0.6560251190436133,-0.6775872935444059,0,Small Business
Samah Foster,1.419190496970988,-0.6560251190436133,-0.4486423319737363,2,Home Office
Samath Foster,-1.2755673408666344,-0.6560251190436133,-0.3443243239800151,0,Corporate
Sand Connell,0.1375665386027843,-0.6560251190436133,-0.3443243239800151,0,Home Office
Sandra Flanagan,-0.6227999143096947,-0.5330008939588043,0.0126293498641502,0,Small Business
Sandra Gilles,1.194428086361639,-0.6560251190436133,-0.6935667821897847,2,Corporate
Sandra Glassco,0.3384180544664581,2.788653183331037,1.1337919153065386,1,Home Office
Sanjety Skaria Arntzen,1.545918239123068,-0.6560251190436133,-0.4397168962150978,2,Home Office
Sanjit Engle,1.2183389811073144,-0.6560251190436133,-0.5873229775041648,2,Small Business
Sanjit Jacobs,0.6612151335330766,0.3281686816348583,0.1907403806663283,2,Corporate
Saphhira Shifley,-1.3066515040360125,3.4037743087550822,5.349607031629924,1,Corporate
Sara Crown,0.144739807026487,-0.6560251190436133,-0.6432606034340572,0,Small Business
Sara Luxemburg,-0.9575524407491508,1.066314032143712,1.8413589033770328,1,Consumer
Sarah Bern,-0.6132355564114246,-0.4099766688739953,-0.3323450357439488,0,Corporate
Sarah Brown,0.4388438123982949,-0.5330008939588043,-0.6115759944187965,2,Home Office
Sarah Foster,-0.4028196826494806,-0.0409039936195684,0.0973181288390401,0,Corporate
Sarah Jordon,1.2661607705986653,-0.5330008939588043,-0.4984967774873648,2,Home Office
Sashan Harsten,2.0265272235111444,-0.6560251190436133,-0.3443243239800151,2,Corporate
Scot Coram,-0.5510672300726684,-0.4099766688739953,-0.5606907153976282,0,Corporate
Scot Wooten,1.8806707655625243,-0.4099766688739953,-0.0707618547511638,2,Small Business
Scott Cohen,-0.7184434932923965,0.8202655819740942,0.9574410675710656,1,Home Office
Sean OBonnell,0.0586605859420554,-0.6560251190436133,-0.6898040172686848,0,Consumer
Sean ODonnell,-1.127319793443447,2.1735320579069928,2.052913302962062,1,Corporate
Sean Wendt,2.0839133709007656,0.3281686816348583,0.6335704123697868,2,Small Business
Senliston,0.3814576650086739,-0.6560251190436133,-0.6385105068655388,2,Home Office
Seth Vernon,1.6798192496988504,-0.6560251190436133,-0.6642071140309757,2,Consumer
Shahid Collister,-0.6921415090721535,-0.1639282187043774,-0.3867849495618279,0,Small Business
Shahid Hopkins,-0.3143493720904815,0.2051444565500494,-0.0053249480554619,0,Corporate
Shahid Sharia Bard,-1.1536217776636897,-0.6560251190436133,-0.603092255818756,0,Home Office
Shahid Shariari,-1.151230688189122,0.3281686816348583,-0.1433901809456,0,Small Business
Shaun Weien,-0.8236514301733685,0.6972413568892852,0.1926662868427743,0,Corporate
Sheri Gordon,-1.1536217776636897,-0.0409039936195684,-0.3680717412552833,0,Small Business
Shirley Schmidt,-0.7280078511906667,-0.5330008939588043,-0.346942208990153,0,Home Office
Shui Tom,1.854368781342281,-0.6560251190436133,-0.4939856491907209,2,Corporate
Sibella Parks,0.1232200017553791,0.8202655819740942,0.4137553307023862,0,Small Business
Sill Knudson,1.8280667971220383,-0.6560251190436133,-0.5297595060470863,2,Consumer
Silt French,1.199210265310774,-0.6560251190436133,-0.5604183543388315,2,Consumer
Skye Norling,1.6367796391566347,-0.5330008939588043,-0.5673720463905604,2,Corporate
Sonia Sunley,-0.7399632985635044,0.2051444565500494,-0.4002058573268483,0,Small Business
Staviel Brown,0.4149329176526195,-0.6560251190436133,-0.6305339006885236,2,Consumer
Stefania Perrino,0.0275764227726773,0.2051444565500494,-0.3375041665811251,0,Small Business
Stel Carroll,-0.0800226035828621,-0.6560251190436133,-0.662992127514902,0,Consumer
Stepha Foles,-0.2306612404806174,-0.6560251190436133,-0.6372919438542538,0,Small Business
Stephanie Ulpright,-1.1655772250365273,0.0821202314652404,-0.4259969131617433,0,Home Office
Steve Carroll,-0.0800226035828621,0.0821202314652404,-0.1403633711513516,0,Consumer
Steve Chapman,1.0987845073789373,-0.4099766688739953,-0.5789258046861778,2,Consumer
Steve Nguyen,-1.277958430341202,2.4195805080766104,1.2034563488265666,1,Home Office
Steven Cartwright,-0.5725870353437763,-0.4099766688739953,-0.5140927052687543,0,Corporate
Stra Carroll,1.6654727128514453,-0.6560251190436133,-0.570349807107625,2,Home Office
Stuart Van,-0.6945325985467211,-0.6560251190436133,-0.6648975965758547,0,Corporate
Sue Ann Reed,-0.4649880089882368,-0.0409039936195684,-0.0651817558296757,0,Corporate
Sung Chung,-1.335344577730823,-0.0409039936195684,-0.4950572839395492,0,Corporate
Sung Shariari,-0.952770261800016,1.435386707398139,0.895057356445508,1,Home Office
Susan MacKendrick,1.2326855179547198,-0.6560251190436133,-0.6997749939590483,2,Corporate
Susan Manchtan,0.3718933071104037,-0.6560251190436133,-0.6195674904942424,2,Home Office
Susan Pistek,-0.8571266828173141,0.0821202314652404,-0.5891526832583962,0,Corporate
Susan Vittorini,-0.022636456193241,0.2051444565500494,0.2430184491083616,0,Consumer
Suzanne McNair,0.1590863438738922,-0.2869524437891864,-0.2366801389449185,0,Small Business
Suzben Tis Leighton,-0.3597800721072648,-0.6560251190436133,-0.6717341036671394,0,Home Office
Sylvia Foulston,-1.2277455513752835,1.804459382652566,3.028447114534204,1,Corporate
Sylvie Gour,-0.0824136930574297,-0.6560251190436133,-0.689345058046465,0,Corporate
Taby Knight,-0.6204088248351272,-0.6560251190436133,-0.3443243239800151,0,Small Business
Tamara Chand,0.065833854365758,0.0821202314652404,-0.0043912638362132,0,Small Business
Tamara Dahlen,0.0227942438235422,-0.5330008939588043,-0.6700919814372568,0,Corporate
Tamara Dhonney,1.5578736864959055,-0.6560251190436133,-0.6469193580352361,2,Home Office
Tamara Laus,1.247032054802125,-0.6560251190436133,-0.5785684471238388,2,Home Office
Tamara Willingham,-0.4649880089882368,1.31236248231333,0.0484700287892086,0,Home Office
Tamara Wizlingham,1.4861410022588797,-0.6560251190436133,-0.5288201286313787,2,Home Office
Tanja Norvell,-1.1321019723925818,0.5742171318044763,0.838912512762454,0,Corporate
Tara Carroll,1.8687153181896865,-0.6560251190436133,-0.4287449023089053,2,Consumer
Thaas Sissman,2.0097895971891715,-0.6560251190436133,-0.6986658425053505,2,Corporate
Thacy Poddar,0.3025517123479449,-0.6560251190436133,-0.6966673845689034,2,Consumer
Thais Sissman,-0.7758296406820175,2.4195805080766104,1.0584425331635727,1,Home Office
Thea Hendricks,-1.1010178092232037,0.8202655819740942,0.7286817917925921,0,Corporate
Thea Hudgings,-0.6467108090553702,0.6972413568892852,0.1669569429750032,0,Corporate
Theone Pipen,2.0671757445787926,-0.6560251190436133,-0.6660020766888685,2,Small Business
Theone Pippenger,0.4771012439913757,-0.0409039936195684,-0.5063489727238148,2,Consumer
Theones,-1.242092088222689,-0.5330008939588043,-0.5951874715047599,0,Corporate
Theresa Coyne,-1.2588297145446616,-0.1639282187043774,-0.5621002194593786,0,Consumer
Theresa Swint,-1.383166367222174,-0.6560251190436133,-0.6780707773052177,0,Home Office
Thomas Boland,0.1040912859588387,2.296556282991802,1.1082828551706014,1,Consumer
Thomas Thornton,-0.689750419597586,0.3281686816348583,-0.0094110938343934,0,Small Business
Thurra Ners,0.3742843965849712,-0.6560251190436133,-0.5385975366421419,2,Corporate
Tim Taslimi,0.4627547071439704,-0.4099766688739953,-0.1750509953192508,2,Corporate
Toby Carlisle,-0.6945325985467211,-0.0409039936195684,0.2648574047450514,0,Corporate
Toby Carlislo,-0.7543098354109097,-0.6560251190436133,-0.3610186372346193,0,Small Business
Toby Gondweld,1.6367796391566347,-0.6560251190436133,-0.691161625655022,2,Home Office
Toby Grace,-0.048938440413484,-0.6560251190436133,-0.6534925912851488,0,Small Business
Toby Knight,-1.0555871092064202,1.804459382652566,1.6851490884241005,1,Corporate
Toby Swindell,0.9242349757355064,0.5742171318044763,0.1351270114706458,2,Home Office
Todd Boyes,-1.127319793443447,2.1735320579069928,2.12460630266904,1,Home Office
Todja Jarnong,0.838155754651075,-0.6560251190436133,-0.685827538511284,2,Corporate
Tom Ashbrook,0.2595121018057291,-0.4099766688739953,-0.3182980588427022,0,Small Business
Tom Brown,-0.0393740825152139,-0.6560251190436133,-0.6797972756262081,0,Corporate
Tom Prescott,-0.0035077403967007,-0.5330008939588043,-0.6567613619288977,0,Home Office
Tom Stivers,-0.50085435110675,1.1893382572285212,1.574015046949437,1,Consumer
Toma McGolin,2.0050074182400364,-0.6560251190436133,-0.6624086478675697,2,Small Business
Tomy Molin,1.9093638392573349,-0.6560251190436133,-0.3443243239800151,2,Home Office
Tona Prown,-1.1081910776469062,-0.6560251190436133,-0.3443243239800151,0,Home Office
Tone Sayre,1.5004875391062846,-0.6560251190436133,-0.6868552334618017,2,Corporate
Tonja Turnell,0.7951161441088591,-0.6560251190436133,-0.6562068591917469,2,Consumer
Tony Molinari,-0.1374087509724832,0.3281686816348583,0.5851822204082517,0,Corporate
Tony Sayre,-1.1942702987313378,2.1735320579069928,1.829552162787488,1,Small Business
Tra Armssront,0.0801803912131633,-0.6560251190436133,-0.6674729650867969,0,Home Office
Tracy Blumstein,-0.0202453667186735,0.5742171318044763,-0.1217120216140232,0,Small Business
Tracy Collins,-1.03645839340988,-0.6560251190436133,-0.4708714905369507,0,Consumer
Tracy Envelons,0.0873536596368659,-0.6560251190436133,-0.6966673845689034,0,Corporate
Tracy Hobs,1.194428086361639,-0.6560251190436133,-0.5909999065401932,2,Small Business
Tracy Poddar,0.3025517123479449,0.2051444565500494,0.004714529466653,0,Small Business
Tracy Poddars,1.7587252023595794,-0.6560251190436133,-0.6999195135614649,2,Home Office
Tracy Poldan,0.3025517123479449,-0.6560251190436133,-0.6271394417844913,2,Corporate
Tracy Zic,-1.2851316987649046,-0.4099766688739953,-0.6141174227200802,0,Corporate
Tracyy Zic,-1.0747158250029607,-0.6560251190436133,-0.6398703049428217,0,Small Business
Trady Freenar,1.194428086361639,-0.6560251190436133,-0.5975489072103066,2,Corporate
Trady Freych,-0.5199830669032903,-0.6560251190436133,-0.6818475562483701,0,Small Business
Trowa Kalle,-0.6132355564114246,-0.6560251190436133,-0.6825228569360257,0,Consumer
Troy Blackwell,1.146606296870288,-0.6560251190436133,-0.6760023952379044,2,Corporate
Troy Staebel,-1.067542556579258,0.3281686816348583,1.3303853974844333,1,Consumer
Trudy Bell,0.654041865109374,-0.2869524437891864,0.0949254900375171,2,Consumer
Trudy Brown,0.2977695333988098,2.1735320579069928,4.397852825789952,1,Home Office
Trudy Schmidt,0.1949526859924054,-0.5330008939588043,-0.6467756413194997,0,Corporate
Valerie Dominguez,-1.0627603776301229,2.6656289582462285,2.8813473627814825,1,Corporate
Valerie Mitchmen,-0.0393740825152139,-0.6560251190436133,-0.6808280361440497,0,Small Business
Valerie Mitchum,-1.0053742302405018,-0.2869524437891864,0.3330389430617984,0,Home Office
Valerie Takahito,-0.6993147774958561,0.0821202314652404,0.5832024843293904,0,Home Office
Vicky Freymann,-0.8116959828005308,0.0821202314652404,0.8301458660922284,0,Corporate
Victor Price,-0.1374087509724832,-0.6560251190436133,-0.5997055338227318,0,Corporate
Victoria Brennan,1.5913489391398514,-0.5330008939588043,-0.2989064842811782,2,Corporate
Victoria Pisteka,-1.1655772250365273,0.9432898070589032,1.290223290488327,1,Small Business
Victoria Wilson,0.0634427648911905,-0.1639282187043774,-0.1731418037836903,0,Small Business
Vilek Mes,-0.663448435377343,-0.6560251190436133,-0.6975445747617529,0,Small Business
Vivek Gonzalez,-1.0627603776301229,-0.1639282187043774,-0.4897848730907818,0,Corporate
Vivek Grady,-0.9695078881219888,2.296556282991802,1.5773435596611545,1,Corporate
Vivek Sundaresam,0.7425121756683731,0.6972413568892852,1.26488239861702,1,Small Business
Vivian Mathis,0.8070715914816968,-0.4099766688739953,-0.1754436798955139,2,Corporate
William Brown,-0.2665275825991306,0.2051444565500494,0.1385337691388231,0,Home Office
Xylona Price,0.1327843596536493,-0.4099766688739953,-0.5123081801377026,0,Consumer
Yana Moren,1.0198785547182083,-0.6560251190436133,-0.3443243239800151,2,Consumer
Yana Sorensen,-0.689750419597586,0.6972413568892852,0.6722984177758522,0,Home Office
Yara Bernen,-0.7112702248686938,-0.6560251190436133,-0.6657705533662093,0,Corporate
Yara Ferguson,-0.8642999512410168,-0.6560251190436133,-0.6370631211504276,0,Small Business
Yary McGarr,-0.4123840405477508,-0.6560251190436133,-0.6329005186626419,0,Corporate
